,0,1,2,3,4,5,6,7,8,9,10,11,12,13,14,15,16,17,18,19,20,21,22,23,24,25,26,27,28,29,30,31,32,33,34,35,36,37,38,39,40,41,42,43,44,45,46,47,48,49,mean_importance,std_importance
CD3E,0.2657824933687,0.268435013262599,0.26737400530504,0.253580901856764,0.257824933687003,0.270557029177719,0.2657824933687,0.272679045092838,0.264190981432361,0.26737400530504,0.258885941644562,0.26631299734748,0.280636604774536,0.268965517241379,0.261007957559682,0.251458885941645,0.262599469496021,0.258885941644562,0.261007957559682,0.281697612732096,0.263660477453581,0.254111405835544,0.263660477453581,0.26525198938992,0.26737400530504,0.253050397877984,0.261538461538462,0.268435013262599,0.268435013262599,0.268435013262599,0.26684350132626,0.272679045092838,0.262599469496021,0.26631299734748,0.26684350132626,0.255702917771883,0.268965517241379,0.270557029177719,0.26631299734748,0.259416445623342,0.26790450928382,0.278514588859416,0.261007957559682,0.26631299734748,0.272148541114058,0.268435013262599,0.249336870026525,0.268965517241379,0.271087533156499,0.244031830238727,0.264859416445623,0.0074214933152969
NCR1,0.0875331564986737,0.0880636604774536,0.0870026525198939,0.0827586206896552,0.0843501326259947,0.080106100795756,0.0907161803713528,0.0811671087533156,0.0917771883289125,0.0854111405835544,0.0896551724137931,0.0848806366047745,0.086472148541114,0.0875331564986737,0.0816976127320955,0.0949602122015915,0.0843501326259947,0.0938992042440318,0.0885941644562334,0.0870026525198939,0.0891246684350133,0.0822281167108753,0.0827586206896552,0.0875331564986737,0.0854111405835544,0.0981432360742706,0.0816976127320955,0.086472148541114,0.0907161803713528,0.0928381962864721,0.0891246684350133,0.0843501326259947,0.0785145888594165,0.093368700265252,0.0891246684350133,0.0870026525198939,0.0901856763925729,0.0870026525198939,0.0907161803713528,0.0923076923076923,0.080106100795756,0.0907161803713528,0.0848806366047745,0.0928381962864721,0.0811671087533156,0.0822281167108753,0.0875331564986737,0.080106100795756,0.0816976127320955,0.0912466843501326,0.0869814323607427,0.00448992608876652
CD8A,0.0281167108753316,0.0328912466843501,0.0286472148541114,0.0291777188328912,0.0339522546419098,0.0249336870026525,0.0281167108753316,0.0297082228116711,0.0254641909814324,0.0270557029177719,0.0244031830238727,0.0275862068965517,0.0281167108753316,0.0275862068965517,0.0270557029177719,0.0249336870026525,0.03342175066313,0.0297082228116711,0.0254641909814324,0.0254641909814324,0.0302387267904509,0.0286472148541114,0.0281167108753316,0.023342175066313,0.0344827586206896,0.0302387267904509,0.0318302387267905,0.0302387267904509,0.0270557029177719,0.0350132625994695,0.0307692307692308,0.0286472148541114,0.0254641909814324,0.0238726790450928,0.0291777188328912,0.0275862068965517,0.0222811671087533,0.026525198938992,0.0339522546419098,0.0270557029177719,0.0254641909814324,0.0291777188328912,0.0270557029177719,0.0281167108753316,0.0275862068965517,0.0249336870026525,0.0297082228116711,0.0307692307692308,0.0302387267904509,0.0244031830238727,0.0282758620689655,0.00299954804376567
PDE3B,0,0.000530503978779837,0.00212201591511936,0.000530503978779837,0,0,-0.000530503978779844,0.000530503978779837,0,0.000530503978779837,0.000530503978779837,0.000530503978779837,0,0.00106100795755968,0.000530503978779837,0.00159151193633952,0.000530503978779837,0.00159151193633952,0.000530503978779837,0.000530503978779837,0.00159151193633952,0,0.000530503978779837,0.00159151193633952,0.000530503978779837,-0.000530503978779844,0.00106100795755968,0.000530503978779837,0.00212201591511936,0.000530503978779837,0.00159151193633952,0.000530503978779837,0.00106100795755968,0.00212201591511936,0.00106100795755968,0,0.000530503978779837,0.000530503978779837,0.00106100795755968,0.000530503978779837,0.000530503978779837,0.000530503978779837,0.00159151193633952,0.00106100795755968,0.00106100795755968,0,0.00106100795755968,0.000530503978779837,0.00106100795755968,0.000530503978779837,0.000721485411140581,0.000631895852048878
CHST2,0.000530503978779837,-0.000530503978779844,0.00106100795755968,0.00106100795755968,0,0.00159151193633952,0.00159151193633952,0.000530503978779837,0,0.00212201591511936,0.00318302387267904,0.00212201591511936,-0.00106100795755969,0.0026525198938992,0.00159151193633952,0.00159151193633952,-0.000530503978779844,0.000530503978779837,0.00106100795755968,0.00371352785145888,-0.000530503978779844,0.00159151193633952,0.000530503978779837,0,0.00212201591511936,-0.00159151193633952,0.00106100795755968,0.00371352785145888,0.00318302387267904,0.00212201591511936,0.00106100795755968,0.00318302387267904,0.000530503978779837,0.00371352785145888,0.00159151193633952,0.00159151193633952,0.00159151193633952,0.00159151193633952,0.00159151193633952,0.0026525198938992,0.00212201591511936,0.00159151193633952,0.00106100795755968,0.00318302387267904,0,0.00159151193633952,0.0026525198938992,0.00212201591511936,0.00106100795755968,0.0026525198938992,0.00144297082228117,0.00125466936956986
CISH,0,0.000530503978779837,0.00106100795755968,0.000530503978779837,0.000530503978779837,0.000530503978779837,0.000530503978779837,0.00106100795755968,0.000530503978779837,0.000530503978779837,0.000530503978779837,0,0,0.000530503978779837,0.000530503978779837,0,0.000530503978779837,0.000530503978779837,0.00106100795755968,0.000530503978779837,0.000530503978779837,0.000530503978779837,0.000530503978779837,0,0.000530503978779837,0.000530503978779837,0,0.00106100795755968,0,0.000530503978779837,0.000530503978779837,0.00106100795755968,0.000530503978779837,0.000530503978779837,0.000530503978779837,0.000530503978779837,0.000530503978779837,0.000530503978779837,0.000530503978779837,0.000530503978779837,0.000530503978779837,0.000530503978779837,0.00106100795755968,0.000530503978779837,0,0.00106100795755968,0.000530503978779837,0.000530503978779837,0.000530503978779837,0.00106100795755968,0.000530503978779838,0.000303145142857143
RETREG1,0,0,0,0,0,0,0,0,-0.000530503978779844,0,0,0,0,0,0,0,0,0,0,0,0,0,0,0,0,0,0,0,0,0,0,0,0,0,0,0,0,0,0,0,0,0,0,0,0,0,0,0,0,0,-1.06100795755969e-05,7.50245951693176e-05
MEF2C,0,0,0,0,0,0,-0.000530503978779844,0,0,0.000530503978779837,0,0,0,-0.000530503978779844,0,0.00106100795755968,0,0,0,0,0,0.00106100795755968,0,0.000530503978779837,0,0,0,0,0.000530503978779837,0,0,0,0.000530503978779837,0.000530503978779837,0.000530503978779837,0.000530503978779837,0,0.000530503978779837,0,0,0,0.000530503978779837,0,0,0,0.000530503978779837,0.00106100795755968,0,0,0,0.000148541114058354,0.000339603749884386
SH2D1B,0.00159151193633952,0.0026525198938992,0.00159151193633952,0.0026525198938992,0.00318302387267904,0.00106100795755968,0.00159151193633952,0.00318302387267904,0.00318302387267904,0.00106100795755968,0,0.00318302387267904,0.00106100795755968,0.00106100795755968,0.00159151193633952,0.000530503978779837,0.00318302387267904,0.0026525198938992,0.00212201591511936,0.00318302387267904,0.00106100795755968,0.0026525198938992,0.00159151193633952,0.00106100795755968,0.00424403183023873,0.00106100795755968,0.00106100795755968,-0.00159151193633952,0.00318302387267904,0.0026525198938992,0.00212201591511936,0.00318302387267904,0.00212201591511936,0.00477453580901856,0.00424403183023873,0.00212201591511936,0.00212201591511936,0.00318302387267904,-0.00106100795755969,0.000530503978779837,0.00371352785145888,-0.00106100795755969,0.00159151193633952,0.00106100795755968,0.000530503978779837,0.00159151193633952,0.0026525198938992,0.00371352785145888,0.00318302387267904,0.00371352785145888,0.00202652519893899,0.00138790328283781
RAMP1,0.00159151193633952,0.000530503978779837,0.000530503978779837,0,0.000530503978779837,0.000530503978779837,0.000530503978779837,0,0.00106100795755968,0.0026525198938992,0.000530503978779837,0.000530503978779837,0.00212201591511936,0.00212201591511936,0.000530503978779837,0.000530503978779837,0.00159151193633952,0.00106100795755968,0.00106100795755968,0,0.00106100795755968,0.00106100795755968,0.00106100795755968,0.000530503978779837,0,0.000530503978779837,0.00106100795755968,0,0.000530503978779837,0,0.00106100795755968,0.00106100795755968,0.000530503978779837,0,0.000530503978779837,0.00159151193633952,0.000530503978779837,0.00159151193633952,0.000530503978779837,0,0.00106100795755968,0.00106100795755968,0.00159151193633952,0.00106100795755968,0.00212201591511936,0.00106100795755968,0.000530503978779837,0.00106100795755968,0.00106100795755968,0.00106100795755968,0.00085941644562334,0.000623937954862868
LTB,0.00106100795755968,0,0.00106100795755968,0.000530503978779837,0,0.000530503978779837,0,0.000530503978779837,-0.000530503978779844,0.000530503978779837,0.000530503978779837,0.000530503978779837,0.00106100795755968,0.000530503978779837,0,0.00106100795755968,0.000530503978779837,0,0,0,0,0.000530503978779837,0.000530503978779837,0,0.00106100795755968,0.000530503978779837,0.00106100795755968,0.000530503978779837,0,0.000530503978779837,0.000530503978779837,0.000530503978779837,0.000530503978779837,0,0.000530503978779837,-0.000530503978779844,0.00106100795755968,0.000530503978779837,0.000530503978779837,0,0.000530503978779837,0,0.000530503978779837,0.000530503978779837,0.000530503978779837,-0.000530503978779844,0.000530503978779837,0,-0.000530503978779844,0.000530503978779837,0.000371352785145886,0.000432048302654852
AKR1C3,0.00159151193633952,0.00159151193633952,0.000530503978779837,0.000530503978779837,0.00318302387267904,0.00318302387267904,0.00318302387267904,0.00212201591511936,0.0026525198938992,0.0026525198938992,0.00318302387267904,0.0026525198938992,0.00318302387267904,0.0026525198938992,0.00106100795755968,0.00424403183023873,0.0026525198938992,0.0026525198938992,0.00318302387267904,0.00106100795755968,0.00212201591511936,0.00318302387267904,0.0026525198938992,0.0026525198938992,0.00159151193633952,0.00106100795755968,0.00318302387267904,0.00371352785145888,0.00318302387267904,0.00212201591511936,0.00212201591511936,0.00212201591511936,0.00212201591511936,0.00477453580901856,0.00424403183023873,0.00318302387267904,0.0026525198938992,0.00212201591511936,0.00159151193633952,0.00159151193633952,0.00159151193633952,0.00318302387267904,0.00159151193633952,0.00106100795755968,0.0026525198938992,0.0026525198938992,0.00371352785145888,0.000530503978779837,0.00106100795755968,0.00159151193633952,0.00238726790450928,0.00099537143326417
RIC3,0,-0.000530503978779844,-0.000530503978779844,-0.000530503978779844,-0.000530503978779844,0,-0.00106100795755969,-0.000530503978779844,-0.00106100795755969,-0.000530503978779844,-0.000530503978779844,-0.000530503978779844,-0.000530503978779844,-0.000530503978779844,0,-0.000530503978779844,-0.000530503978779844,-0.000530503978779844,0,-0.000530503978779844,0.000530503978779837,-0.000530503978779844,0,-0.000530503978779844,-0.000530503978779844,-0.000530503978779844,0.000530503978779837,-0.000530503978779844,-0.000530503978779844,0,-0.000530503978779844,0,0,-0.000530503978779844,0,0,0.00106100795755968,-0.00106100795755969,-0.000530503978779844,-0.000530503978779844,-0.000530503978779844,-0.00106100795755969,-0.000530503978779844,-0.000530503978779844,-0.000530503978779844,-0.00106100795755969,-0.000530503978779844,-0.000530503978779844,-0.000530503978779844,0,-0.000392572944297085,0.000412461246485195
PTGDS,0.00212201591511936,0.00212201591511936,0.00212201591511936,0.00106100795755968,0.00159151193633952,0.0026525198938992,0.000530503978779837,0.0026525198938992,0.00371352785145888,0.0026525198938992,0.00106100795755968,0.00212201591511936,0.00371352785145888,0.00212201591511936,0.00159151193633952,0.000530503978779837,0.0026525198938992,0.00212201591511936,0.00106100795755968,0.00159151193633952,0.00212201591511936,0.00212201591511936,0.00212201591511936,0.00106100795755968,0.0026525198938992,0.000530503978779837,0.00159151193633952,-0.000530503978779844,0.00212201591511936,0.00212201591511936,0.00159151193633952,0.0026525198938992,0.00212201591511936,0.000530503978779837,0.00106100795755968,0.00212201591511936,0.0026525198938992,0.00159151193633952,0.00106100795755968,0.00212201591511936,0.00212201591511936,0.0026525198938992,0.00159151193633952,0.00159151193633952,0.0026525198938992,0.00159151193633952,0.000530503978779837,0.00159151193633952,0.000530503978779837,0.00159151193633952,0.00179310344827586,0.00083633179483163
PDE6G,-0.000530503978779844,-0.000530503978779844,-0.000530503978779844,-0.000530503978779844,0,0.000530503978779837,0,0,-0.000530503978779844,0.000530503978779837,0,-0.000530503978779844,-0.000530503978779844,-0.000530503978779844,-0.000530503978779844,0,-0.000530503978779844,-0.000530503978779844,-0.000530503978779844,0,-0.000530503978779844,-0.000530503978779844,-0.000530503978779844,-0.000530503978779844,-0.000530503978779844,-0.000530503978779844,-0.000530503978779844,-0.000530503978779844,-0.000530503978779844,-0.000530503978779844,-0.000530503978779844,-0.000530503978779844,0,-0.000530503978779844,-0.000530503978779844,-0.000530503978779844,-0.000530503978779844,-0.000530503978779844,0.000530503978779837,-0.000530503978779844,-0.000530503978779844,-0.000530503978779844,-0.000530503978779844,-0.000530503978779844,-0.000530503978779844,0,-0.000530503978779844,-0.000530503978779844,-0.000530503978779844,-0.000530503978779844,-0.000381962864721488,0.000303902060746661
GPR171,0,0,0,0.000530503978779837,0,0,0.000530503978779837,0,0,0,0,0,-0.000530503978779844,0,0,0,0,0,0,0,0,0.000530503978779837,0,0,0,0.000530503978779837,0,0,0,0,0,0,0,0,-0.000530503978779844,0,0,0,0,0,0,0,0,0,0,0,0.000530503978779837,0,0,0,3.18302387267899e-05,0.000197916868200124
CMTM7,0,0,0,0.000530503978779837,0,0,0,0,0,0,0,0,0.000530503978779837,0,0,0,0.000530503978779837,0,0,0,0.000530503978779837,0,0,0,0,0,0,0,0,0,0,0,0,0,0,0,0,0,0,0,0,0,0,0,0,0,0,0,0,0,4.24403183023869e-05,0.000145383303225342
PDGFRB,0.00106100795755968,0.00106100795755968,0.000530503978779837,0.000530503978779837,0.000530503978779837,0.00106100795755968,0,0.000530503978779837,0.00159151193633952,0.000530503978779837,0.000530503978779837,0.000530503978779837,0.000530503978779837,0.00106100795755968,0.00106100795755968,0,0,0.00159151193633952,0.00106100795755968,0.000530503978779837,0.00106100795755968,0.00159151193633952,0.00106100795755968,0.000530503978779837,-0.000530503978779844,0.00106100795755968,0.000530503978779837,0,0.000530503978779837,0.000530503978779837,-0.000530503978779844,0.000530503978779837,0.000530503978779837,0.00106100795755968,0.000530503978779837,0.000530503978779837,0.000530503978779837,0,0.000530503978779837,0,0,0.000530503978779837,0.00212201591511936,0,0.00106100795755968,0,0.000530503978779837,-0.000530503978779844,0,0,0.000562334217506629,0.000561125671870195
GPR183,0,-0.000530503978779844,-0.000530503978779844,-0.000530503978779844,-0.00106100795755969,-0.000530503978779844,-0.00106100795755969,-0.000530503978779844,-0.000530503978779844,-0.000530503978779844,-0.000530503978779844,-0.000530503978779844,0,0,-0.000530503978779844,-0.000530503978779844,-0.00106100795755969,-0.000530503978779844,-0.000530503978779844,-0.000530503978779844,-0.000530503978779844,0,0,-0.000530503978779844,-0.000530503978779844,-0.00106100795755969,0,-0.000530503978779844,-0.000530503978779844,-0.000530503978779844,-0.000530503978779844,-0.000530503978779844,-0.000530503978779844,0,-0.000530503978779844,-0.000530503978779844,-0.000530503978779844,0,-0.000530503978779844,-0.00106100795755969,-0.000530503978779844,0,-0.000530503978779844,-0.000530503978779844,-0.000530503978779844,-0.000530503978779844,-0.000530503978779844,0.000530503978779837,-0.000530503978779844,0,-0.000456233421750666,0.00032171255969368
MT1E,0,-0.000530503978779844,-0.000530503978779844,-0.000530503978779844,-0.000530503978779844,-0.000530503978779844,-0.000530503978779844,-0.000530503978779844,-0.000530503978779844,-0.000530503978779844,-0.000530503978779844,-0.00106100795755969,-0.000530503978779844,-0.000530503978779844,-0.000530503978779844,-0.000530503978779844,-0.000530503978779844,-0.000530503978779844,-0.000530503978779844,-0.000530503978779844,-0.000530503978779844,-0.000530503978779844,-0.000530503978779844,-0.000530503978779844,-0.000530503978779844,-0.000530503978779844,-0.000530503978779844,-0.000530503978779844,-0.000530503978779844,-0.000530503978779844,-0.000530503978779844,-0.000530503978779844,-0.000530503978779844,-0.000530503978779844,-0.000530503978779844,0,-0.000530503978779844,0,-0.000530503978779844,-0.000530503978779844,-0.000530503978779844,-0.000530503978779844,-0.000530503978779844,-0.000530503978779844,-0.000530503978779844,-0.000530503978779844,-0.000530503978779844,-0.000530503978779844,-0.000530503978779844,-0.000530503978779844,-0.00050928381962865,0.000150049190338635
FCGR2B,0,0,0,0,0,0.000530503978779837,0,0,0,0.000530503978779837,0,0,0,0,0,0.000530503978779837,0,0,0,0,0,0,-0.000530503978779844,-0.000530503978779844,0,0,0,0.000530503978779837,0,0,0,0,0,0,0,0,0,0,0,0.000530503978779837,0,0,0,0,0,0,0,0,0.000530503978779837,0,4.24403183023866e-05,0.000210025115798519
ANO9,0.000530503978779837,0.000530503978779837,0.000530503978779837,0.000530503978779837,0,0.00106100795755968,0.000530503978779837,0.000530503978779837,0.000530503978779837,0.000530503978779837,0.000530503978779837,0.000530503978779837,0.000530503978779837,0.000530503978779837,0.000530503978779837,0.000530503978779837,0.000530503978779837,0.000530503978779837,0.000530503978779837,0.000530503978779837,0.000530503978779837,0.000530503978779837,0.000530503978779837,0.000530503978779837,0.000530503978779837,0.000530503978779837,0.000530503978779837,0.000530503978779837,0.000530503978779837,0.00106100795755968,0.000530503978779837,0.000530503978779837,0.000530503978779837,0,0.000530503978779837,0.000530503978779837,0.000530503978779837,0.000530503978779837,0.000530503978779837,0.000530503978779837,0.000530503978779837,0.000530503978779837,0.000530503978779837,0.000530503978779837,0.000530503978779837,0.000530503978779837,0.000530503978779837,0.000530503978779837,0.000530503978779837,0.000530503978779837,0.000530503978779837,0.000151572571428571
GDPD5,0.00106100795755968,0.00106100795755968,0.00106100795755968,0.000530503978779837,0.00106100795755968,0.00106100795755968,0.00106100795755968,0.00106100795755968,0.00106100795755968,0.00106100795755968,0.00106100795755968,0.00106100795755968,0.00106100795755968,0.00159151193633952,0.00106100795755968,0.00106100795755968,0.00106100795755968,0.00106100795755968,0.00106100795755968,0.00159151193633952,0.00106100795755968,0.00106100795755968,0.00106100795755968,0.000530503978779837,0.00106100795755968,0.00106100795755968,0.00106100795755968,0.00106100795755968,0.00106100795755968,0.00106100795755968,0.00106100795755968,0.00106100795755968,0.00106100795755968,0.00106100795755968,0.00106100795755968,0.00106100795755968,0.00106100795755968,0.00106100795755968,0.00106100795755968,0.00106100795755968,0.00106100795755968,0.00106100795755968,0.00106100795755968,0.00106100795755968,0.000530503978779837,0.00106100795755968,0.00106100795755968,0.00106100795755968,0.00106100795755968,0.00106100795755968,0.00105039787798408,0.00016912402044
MLC1,-0.000530503978779844,0.000530503978779837,0.000530503978779837,0,0.00106100795755968,-0.000530503978779844,0.00106100795755968,0,-0.000530503978779844,0.000530503978779837,0,0.00106100795755968,0,0.000530503978779837,0.00106100795755968,0.00106100795755968,0.000530503978779837,0.00159151193633952,0,0.00106100795755968,0,0.00106100795755968,0,0,-0.000530503978779844,0.00106100795755968,0.000530503978779837,0.000530503978779837,0.000530503978779837,-0.000530503978779844,0.000530503978779837,0.00106100795755968,-0.000530503978779844,0.00106100795755968,0,0.000530503978779837,0.00106100795755968,0,0.000530503978779837,0.000530503978779837,0.000530503978779837,0.0026525198938992,0.000530503978779837,0.000530503978779837,0.000530503978779837,0.00106100795755968,0,0.00106100795755968,0.000530503978779837,0.000530503978779837,0.000488063660477451,0.000623477517965341
OASL,0,0,0,0,0,0,0.000530503978779837,0,0,0,0,0,0,0,0,0.000530503978779837,0,0,0,0,0,0,0,0.000530503978779837,0,0,0,0,0,0,0,0,0,0,0,0,0,0,0,0,0,0,0.000530503978779837,0,0,0,0,0,0,0,4.24403183023869e-05,0.000145383303225342
RASGRF2,0,0,0,0,0,-0.000530503978779844,0,0,0,0,0,0,0,0,0,0,0,0,0,0,0,0,0,0,0,0,0,0,0,0,0,0,0,0,0,0,0,0,-0.000530503978779844,0,0,0,0,0,0,0,0,0,0,0,-2.12201591511937e-05,0.000105012557899259
CXCR3,0.000530503978779837,0.000530503978779837,0.000530503978779837,0.000530503978779837,0.000530503978779837,0.000530503978779837,0.000530503978779837,0,0.000530503978779837,0.000530503978779837,0.000530503978779837,0.000530503978779837,0.000530503978779837,0.000530503978779837,0.000530503978779837,0.000530503978779837,0,0.000530503978779837,0.000530503978779837,0.000530503978779837,0.000530503978779837,0.000530503978779837,0,0.000530503978779837,0.000530503978779837,0.000530503978779837,0.000530503978779837,0.000530503978779837,0.000530503978779837,0.000530503978779837,0.000530503978779837,0.000530503978779837,0.000530503978779837,0.000530503978779837,0.000530503978779837,0.000530503978779837,0.000530503978779837,0.000530503978779837,0.000530503978779837,0.000530503978779837,0.000530503978779837,0.000530503978779837,0.000530503978779837,0.000530503978779837,0.000530503978779837,0.000530503978779837,0.000530503978779837,0.000530503978779837,0.000530503978779837,0.000530503978779837,0.000498673740053046,0.000127266815426001
LINC00944,0,0,0,0,0,0,0,0,0,0.000530503978779837,0,0,0,0,0,0,0,-0.000530503978779844,0,0,0,0,0,0,-0.000530503978779844,0,0,0,0,0,0,0,0,0,0,0,0,0,0,0,0,0,0,0,0,0,-0.000530503978779844,0,0,0,-2.12201591511939e-05,0.000150049190338635
MGARP,0,0,0,0,0,0,0,0,0,0,0,0,0,0,0,0,0,0,0,0,0,0,0,0,0,0,0,0,0,0,0,0,0,0,0,0,0,0,0,0,0,0,0,0,0,0,0,0,0,0,0,0
TRBV6-4,0,0,0,0,0,0,0,0,0,0,0,0,0,0,0,0,0,0,0,0,0,0,0,0,0,0,0,0,0,0,0,0,0,0,0,0,0,0,0,0,0,0,0,0,0,0,0,0,0,0,0,0
CTD-2313F11.1,0.000530503978779837,0.000530503978779837,0.000530503978779837,0.000530503978779837,0.000530503978779837,0.000530503978779837,0.000530503978779837,0.000530503978779837,0.000530503978779837,0.000530503978779837,0.000530503978779837,0.000530503978779837,0.000530503978779837,0.000530503978779837,0.000530503978779837,0.000530503978779837,0.000530503978779837,0.000530503978779837,0.000530503978779837,0.000530503978779837,0.000530503978779837,0.000530503978779837,0.000530503978779837,0.000530503978779837,0.000530503978779837,0.000530503978779837,0.000530503978779837,0.000530503978779837,0.000530503978779837,0.000530503978779837,0.000530503978779837,0.000530503978779837,0.000530503978779837,0.000530503978779837,0.000530503978779837,0.000530503978779837,0.000530503978779837,0.000530503978779837,0.000530503978779837,0.000530503978779837,0.000530503978779837,0.000530503978779837,0.000530503978779837,0.000530503978779837,0.000530503978779837,0.000530503978779837,0.000530503978779837,0.000530503978779837,0.000530503978779837,0,0.00051989389920424,7.50245951693176e-05
RP3-423B22.5,0,0,0,0,0,0,0,0,0,0,0,0,0,0,0,0,0,0,0,0,0,0,0,0,0,0,0,0,0,0,0,0,0,0,0,0,0,0,0,0,0,0,0,0,0,0,0,0,0,0,0,0
LINC02050,0,0,0,0,0,0,0,0,0,0,0,0,0,0,0,0.000530503978779837,0,0,0,0,0,0,0,0,0.000530503978779837,0,0,0,0,0,0,0,0,0,0,0,0,0,0,0,0,0,0,0,0,0,0,0,0,0,2.12201591511935e-05,0.000105012557899259
GZMK,0,0,0.000530503978779837,0,0,-0.000530503978779844,-0.000530503978779844,0.000530503978779837,0,0,0.000530503978779837,0,0.000530503978779837,0.00106100795755968,0,0,-0.000530503978779844,0,0.000530503978779837,0,0,0,-0.000530503978779844,0,0.000530503978779837,0,0,0.000530503978779837,0.000530503978779837,0,0.000530503978779837,0,-0.000530503978779844,0,-0.000530503978779844,0,0.000530503978779837,0,-0.000530503978779844,0,0,0.000530503978779837,0.000530503978779837,0,0,0,0.000530503978779837,0.00106100795755968,0,0,0.000106100795755967,0.000386435749719861
RP11-415F23.2,0,0,0,0,0,0,0,0,0,0,0,0,0,0,0,0,0,0,0,0,0,0,0,0,0,0,0,0,0,0,0,0,0,0,0,0,0,0,0,0,0,0,0,0,0,0,0,0,0,0,0,0
RPL23AP65,0,0,0,0,0,0,0,0,0,0,0,0,0,0,0,0,0,0,0,0,0,0,0,0,0,0,0,0,0,0,0,0,0,0,0,0,-0.000530503978779844,0,0,0,0,0,0,0,0,0,0,0,0,0,-1.06100795755969e-05,7.50245951693176e-05
RP11-383F6.1,0,0,0,0,0,0,0,0,0,0,0,0,0,0.000530503978779837,0,0,0,0,0,0,0,0,0,0,0,0,0,0,0,0,0,0,0,0,0,0,0,0,0,0,0,0,0,0,0,0,0,0,0,0,1.06100795755967e-05,7.50245951693176e-05
ST3GAL1-DT,0,0,0,0,0,0,0,0,0,-0.000530503978779844,0,0,0,0,0,0,0,0,0,0,0,0,0,0,0,0,0,0,0,0,0,0,0,0,0,0,0,0,0,0,0,0,0,0,0,0,0,0,0,0,-1.06100795755969e-05,7.50245951693176e-05
GIMAP5,0,0.000530503978779837,0.000530503978779837,0.000530503978779837,0.000530503978779837,0.00106100795755968,0.000530503978779837,0,0.000530503978779837,0.000530503978779837,0,0.000530503978779837,0,0.000530503978779837,0.000530503978779837,0.000530503978779837,0.000530503978779837,0.000530503978779837,0.000530503978779837,0.000530503978779837,0.000530503978779837,0.000530503978779837,0.000530503978779837,0.000530503978779837,0.000530503978779837,0.00106100795755968,0.000530503978779837,0.000530503978779837,0.000530503978779837,0.000530503978779837,0.000530503978779837,0.00106100795755968,0.000530503978779837,0.000530503978779837,0,0.000530503978779837,0.000530503978779837,0.000530503978779837,0.00159151193633952,0.000530503978779837,0.000530503978779837,0.00106100795755968,0.000530503978779837,0.000530503978779837,0,0.000530503978779837,0.000530503978779837,0.000530503978779837,0.000530503978779837,0.00106100795755968,0.000541114058355434,0.000293323277824081
CXCR6,0.000530503978779837,0.000530503978779837,0.000530503978779837,0.000530503978779837,0.000530503978779837,0.000530503978779837,0.000530503978779837,0.000530503978779837,0.00106100795755968,0.000530503978779837,0.000530503978779837,0.000530503978779837,0.000530503978779837,0.000530503978779837,0.000530503978779837,0.000530503978779837,0.000530503978779837,0.000530503978779837,0.000530503978779837,0.000530503978779837,0.000530503978779837,0.000530503978779837,0.000530503978779837,0.000530503978779837,0.000530503978779837,0.000530503978779837,0.000530503978779837,0.000530503978779837,0.000530503978779837,0.00106100795755968,0.000530503978779837,0.000530503978779837,0.000530503978779837,0.000530503978779837,0.000530503978779837,0.000530503978779837,0.000530503978779837,0.000530503978779837,0.000530503978779837,0.000530503978779837,0.000530503978779837,0.000530503978779837,0.000530503978779837,0.000530503978779837,0.000530503978779837,0.000530503978779837,0.000530503978779837,0.000530503978779837,0.000530503978779837,0.000530503978779837,0.00055172413793103,0.000105012557899259
FLJ13224,0,0,0,0,0,0,0,0,0,0,0,0,0,0,0,0,0,0,0,0,0,0,0,0,0,0,0,0,0,0,0,0,0,0,0,0,0,0,0,0,0,0,0,0,0,0,0,0,0,0,0,0
DUSP8,0,0,0,0,0,0,0,0,0,0,0,0,0,0,0,0,0,0,0,0,0,0,0,0,0,0,0,0,0,0,0,0,0,0,0,0,0,0,0,0,0,0,0,0,0,0,0,0,0,0,0,0
CD6,0.000530503978779837,0.000530503978779837,0.000530503978779837,0.00106100795755968,0.000530503978779837,0,0.000530503978779837,0.000530503978779837,0.000530503978779837,0.00106100795755968,0.00159151193633952,0.00106100795755968,0.000530503978779837,0.00106100795755968,0.000530503978779837,0.00106100795755968,-0.000530503978779844,0.000530503978779837,0.00106100795755968,0,0.000530503978779837,0.000530503978779837,0.000530503978779837,0,0.000530503978779837,0.00212201591511936,0.00106100795755968,0.000530503978779837,0.000530503978779837,-0.000530503978779844,0.000530503978779837,0,0,0.000530503978779837,0.00106100795755968,0.000530503978779837,0.000530503978779837,0.000530503978779837,0.000530503978779837,0,0.000530503978779837,0.000530503978779837,0,-0.000530503978779844,0,0.00106100795755968,0.00106100795755968,-0.000530503978779844,0.000530503978779837,0,0.000509283819628644,0.000524625054706162
LINC02446,0,0,0,0,0,-0.000530503978779844,0,-0.000530503978779844,0,0,-0.000530503978779844,0,0,0,0,0,0,0,0,-0.000530503978779844,0,0,0,0,0,0,0,0,0,0,0,0,0,0.000530503978779837,0,0,0,0,0,0,0,-0.000530503978779844,0,0,0,0,0,-0.000530503978779844,0,0,-5.30503978779845e-05,0.00019321787485993
LINC00649,0.000530503978779837,-0.000530503978779844,0,0,0,0,-0.000530503978779844,0,0,0,0,-0.000530503978779844,0,0,0,0,-0.000530503978779844,0,-0.000530503978779844,0,0,0,0,0,-0.000530503978779844,0,0,0,0,0,0.000530503978779837,0,0,0,-0.000530503978779844,0,0,0,0,-0.000530503978779844,0,-0.000530503978779844,0,0,0,0,0,0,-0.000530503978779844,0,-8.48806366047752e-05,0.000248134993536538
B3GNT7,0.000530503978779837,0.000530503978779837,0.000530503978779837,0,0.000530503978779837,0,0,0.000530503978779837,0,0.000530503978779837,0.00106100795755968,0,0,0,0,0.000530503978779837,0,0,0.000530503978779837,0.000530503978779837,0.000530503978779837,0,0,0,0.000530503978779837,0.000530503978779837,0,0,0.000530503978779837,0,0,0.000530503978779837,0,0.000530503978779837,0,0.000530503978779837,0,0,0.000530503978779837,0,0,-0.000530503978779844,0,0,0,0,0,0.00106100795755968,0,0,0.000212201591511935,0.000321533979297076
HES6,0,0.000530503978779837,-0.000530503978779844,0,-0.000530503978779844,0.000530503978779837,0,0,0,0.000530503978779837,-0.000530503978779844,0,0.00106100795755968,0,0,0,0,0,0.000530503978779837,0,0,0,0,0,0.000530503978779837,0,0,0,0,-0.000530503978779844,0,0,-0.000530503978779844,0,0.000530503978779837,0,0,0.000530503978779837,0,0,-0.000530503978779844,0,0,0,0.000530503978779837,0,0,0,0,0,4.24403183023862e-05,0.000318663082721947
CD27,0,-0.000530503978779844,-0.00106100795755969,-0.000530503978779844,0,-0.000530503978779844,-0.000530503978779844,-0.000530503978779844,-0.000530503978779844,-0.000530503978779844,-0.000530503978779844,-0.000530503978779844,-0.000530503978779844,-0.000530503978779844,-0.000530503978779844,-0.000530503978779844,-0.00106100795755969,-0.000530503978779844,-0.000530503978779844,-0.000530503978779844,-0.000530503978779844,-0.000530503978779844,-0.000530503978779844,-0.000530503978779844,-0.000530503978779844,-0.000530503978779844,0.00106100795755968,-0.000530503978779844,-0.000530503978779844,0,-0.000530503978779844,-0.000530503978779844,-0.000530503978779844,0,-0.000530503978779844,-0.000530503978779844,-0.000530503978779844,-0.000530503978779844,-0.000530503978779844,-0.00106100795755969,-0.000530503978779844,-0.000530503978779844,0,0,-0.000530503978779844,-0.000530503978779844,-0.00106100795755969,-0.000530503978779844,-0.000530503978779844,0,-0.000466843501326262,0.000332769977692764
TMEM204,-0.000530503978779844,-0.000530503978779844,0,0,-0.000530503978779844,-0.000530503978779844,0,-0.000530503978779844,-0.00106100795755969,-0.000530503978779844,0,-0.000530503978779844,-0.000530503978779844,-0.000530503978779844,-0.000530503978779844,-0.000530503978779844,0,-0.000530503978779844,-0.00106100795755969,-0.000530503978779844,-0.000530503978779844,-0.000530503978779844,-0.000530503978779844,-0.000530503978779844,-0.000530503978779844,-0.000530503978779844,-0.00106100795755969,0,0,-0.000530503978779844,-0.000530503978779844,0.000530503978779837,0,0,-0.000530503978779844,-0.000530503978779844,0,0,-0.000530503978779844,-0.000530503978779844,0,-0.000530503978779844,-0.000530503978779844,-0.000530503978779844,-0.000530503978779844,-0.000530503978779844,-0.000530503978779844,-0.000530503978779844,-0.000530503978779844,-0.000530503978779844,-0.000413793103448278,0.000308590737186408
LAG3,-0.000530503978779844,0.000530503978779837,0.000530503978779837,0.000530503978779837,0,0.000530503978779837,-0.000530503978779844,0,0,0,0,0,0.000530503978779837,0,0,-0.000530503978779844,0,0,0.000530503978779837,0.000530503978779837,-0.000530503978779844,0,0,0,0,0.000530503978779837,-0.000530503978779844,0.00106100795755968,0,0,0,0.000530503978779837,0.000530503978779837,0,0,0,0.000530503978779837,0,0.000530503978779837,0,0.000530503978779837,0,0.000530503978779837,0.000530503978779837,0,0,0.00106100795755968,0.000530503978779837,0.000530503978779837,0,0.000169761273209547,0.000378020899193285
DAB2,0,0.000530503978779837,-0.000530503978779844,0,0.00106100795755968,-0.000530503978779844,0.000530503978779837,0.000530503978779837,0,0.000530503978779837,0,0.00159151193633952,0.000530503978779837,0,0,0.000530503978779837,0.00106100795755968,-0.000530503978779844,0.00159151193633952,0.00106100795755968,0,0.00106100795755968,0.000530503978779837,0,-0.000530503978779844,0.000530503978779837,0,0,0,0,0.000530503978779837,0.000530503978779837,0.00106100795755968,0.00212201591511936,0.00106100795755968,0.00159151193633952,0.000530503978779837,0,-0.000530503978779844,0.00159151193633952,-0.000530503978779844,0.000530503978779837,0.000530503978779837,0.000530503978779837,0,0.000530503978779837,0,0.00106100795755968,-0.000530503978779844,0.00159151193633952,0.000435013262599468,0.000666660901884298
CD8B,0.000530503978779837,0.000530503978779837,0.00159151193633952,0.000530503978779837,0,-0.000530503978779844,-0.000530503978779844,-0.000530503978779844,-0.00159151193633952,-0.000530503978779844,-0.000530503978779844,-0.000530503978779844,0.00212201591511936,-0.000530503978779844,0.00106100795755968,0,0.00106100795755968,0.000530503978779837,0,-0.000530503978779844,-0.00106100795755969,0.0026525198938992,0,0,0.00106100795755968,0.000530503978779837,0.00106100795755968,0.000530503978779837,0.000530503978779837,0,0,-0.000530503978779844,0.000530503978779837,0,0.000530503978779837,0.000530503978779837,-0.000530503978779844,-0.000530503978779844,-0.000530503978779844,0,0,0.000530503978779837,0.00106100795755968,0.000530503978779837,-0.000530503978779844,-0.000530503978779844,0.000530503978779837,0.000530503978779837,0.00159151193633952,-0.000530503978779844,0.000201591511936337,0.000808394941985263
PTMS,0,-0.000530503978779844,0.000530503978779837,0,0,0,0,0,0,0,0,0,0.000530503978779837,0.00106100795755968,0.00106100795755968,0,0.000530503978779837,0,0.000530503978779837,0.000530503978779837,0,0,0,-0.000530503978779844,0,0,0,0,0,0,-0.000530503978779844,0,0.000530503978779837,0,0,0,0.000530503978779837,0,0,0,0,0,0.000530503978779837,0,0,-0.000530503978779844,0,0,0,0.000530503978779837,9.54907161803703e-05,0.000333631854240388
BOK,0,0.000530503978779837,0.00106100795755968,0,-0.000530503978779844,0.000530503978779837,0,0,0,0,0.000530503978779837,-0.000530503978779844,0,0,0.000530503978779837,0.000530503978779837,0,0,0.00106100795755968,-0.000530503978779844,0.000530503978779837,0.000530503978779837,0.00106100795755968,0,-0.000530503978779844,0.000530503978779837,0,0,-0.000530503978779844,0,0.000530503978779837,0.000530503978779837,-0.000530503978779844,0.000530503978779837,0,0.00106100795755968,0,0.000530503978779837,0,0,0.000530503978779837,-0.000530503978779844,0.000530503978779837,0.000530503978779837,-0.000530503978779844,0,-0.000530503978779844,0,0.00106100795755968,0.00106100795755968,0.000190981432360741,0.000488336622597868
VEGFA,0,0,0.000530503978779837,0,0.000530503978779837,0.000530503978779837,0,0,0,0.000530503978779837,0.000530503978779837,0,0,0,0,0.000530503978779837,0,0,0,0,0,0,0,0,0,0,0,0.000530503978779837,0,0,-0.000530503978779844,0,0.000530503978779837,0,0,0,0,0,0,0,0,0,0,0,0,0,0.000530503978779837,0,0,0,8.48806366047737e-05,0.000223794219792745
TRAT1,0.00159151193633952,0.00106100795755968,0.00106100795755968,0.000530503978779837,0,0.00106100795755968,0,0.00106100795755968,0.000530503978779837,0.00106100795755968,0.000530503978779837,-0.000530503978779844,0.00106100795755968,0.00106100795755968,0.000530503978779837,0.000530503978779837,0,0.000530503978779837,0.00106100795755968,0.000530503978779837,0,0.000530503978779837,0.000530503978779837,0,0,0.00106100795755968,0.00106100795755968,0,0.00106100795755968,0.000530503978779837,0.000530503978779837,0.000530503978779837,0.000530503978779837,0.00106100795755968,0.000530503978779837,0.00106100795755968,0.000530503978779837,0.000530503978779837,0.000530503978779837,0.000530503978779837,0.000530503978779837,0.00106100795755968,0.000530503978779837,0,0.00106100795755968,0,0,0,0.000530503978779837,0.00106100795755968,0.000583554376657823,0.000445143637528016
RBPMS2,0,0,0,0,0.000530503978779837,0,0,0.000530503978779837,0,0,0,0,0,0,0,0,0.00106100795755968,0,0.000530503978779837,0,0,0,0,0,0,0,0,0,0,0,0,0,0,0,0,0,0,0,0,0,0,0,0,0,0,0,0,0,0,0,5.30503978779838e-05,0.00019321787485993
STMN3,0,0,0,0,0,0,0,0,0,0,0,0,0,-0.000530503978779844,0,0,0,0,0,0,0,-0.000530503978779844,0,0,0,0,0,0,0,0,0,0,0,0,0,0,0,0,0,0.000530503978779837,0,0,0,0,0,-0.000530503978779844,0,0,-0.000530503978779844,0,-3.18302387267907e-05,0.000166384988846382
CYP4F29P,0,0,0,0,0,0,0,0,0,0,0,0,0,0,0.000530503978779837,-0.000530503978779844,0,0,0,0,0,0,0,0,0,0,0,0,0,0,0,-0.000530503978779844,0.000530503978779837,0,0,0,0,0,0,0,0,0,0,0,0,0,0,0,0,0,-2.77555756156289e-19,0.000151572571428571
FXYD7,0,0,0,0,0,0,0,0,0,0,0,0,0,0,0,0.000530503978779837,0,0,0,0,0,0,0,0,0,0,0,0,-0.000530503978779844,0,0,0,-0.000530503978779844,0,0.000530503978779837,-0.000530503978779844,0,0,0,0.000530503978779837,0,0,0,0,0.000530503978779837,0,0,0,0,0,1.06100795755963e-05,0.00020022501465732
LIM2,0,0,0,-0.000530503978779844,0,-0.000530503978779844,0,-0.000530503978779844,0,0,0,0.000530503978779837,0,0.000530503978779837,0,0,0,0,0,0,0,0,0.000530503978779837,0,0,0,0,0,0,0,0,0,0,0,0,0,0.000530503978779837,0.000530503978779837,0.000530503978779837,0,0.000530503978779837,0,0,0.000530503978779837,0,0,0,0,0,0,5.30503978779832e-05,0.000245575633104869
YBX3,-0.000530503978779844,0,0,0,0,0,-0.000530503978779844,0,-0.000530503978779844,0,0,0,0,0,0,0,0,0,0,0,-0.000530503978779844,0.000530503978779837,0,0,0,-0.000530503978779844,-0.000530503978779844,0,0,0,0,0,0,0,0,0,0,0,0,0,0,0.000530503978779837,0,0,0.000530503978779837,0,0,-0.000530503978779844,0,0,-4.24403183023879e-05,0.000235791584817855
TPRG1,0,0,0,0,0,0,0,0,0,0,0,0,0,0,0,0,0,0,0,-0.000530503978779844,0,0,0,0,0,0,0,0,0,0,0,0,-0.000530503978779844,0,0,0,0,0,0.000530503978779837,0,0,0.000530503978779837,0,0,0.000530503978779837,0,0,0,-0.000530503978779844,0,-4.16333634234434e-19,0.000185637729500778
VIPR2,0,0,0.000530503978779837,0,0,0,0,0,0,0.000530503978779837,0,0.000530503978779837,0,0,0,0,0,0,0,0,-0.000530503978779844,0,0,0,0.000530503978779837,0.000530503978779837,0,0,0,0,0,0,0,0,0.000530503978779837,0,0,0,0,0,0,0.000530503978779837,0,-0.000530503978779844,0.000530503978779837,0,0.000530503978779837,0,0,0,7.42705570291768e-05,0.000239896815830725
SERINC5,0,-0.000530503978779844,0,0,0,0,0,0,-0.000530503978779844,0,0,0,0,-0.000530503978779844,0,0,0,0,0,0,0,0,0,0,0,0,0,0,0,-0.000530503978779844,0,0,0,0,0,0,0,0,0,0,0,0,0,0,0,0,0,-0.000530503978779844,0,-0.000530503978779844,-6.36604774535812e-05,0.000174143626413658
TNFSF8,0.000530503978779837,0,0,0,0,0,-0.000530503978779844,0,0,0,0,0,0,0,0,0,0,0,0,0,0,0,0,0,0,0,0.000530503978779837,0,0,0,0,0,0.000530503978779837,0,0,0,0,0,0,0,0.000530503978779837,0,0,0,0,0,-0.000530503978779844,0,0,0,2.12201591511932e-05,0.000184395991621333
RUNX2,-0.000530503978779844,-0.000530503978779844,-0.000530503978779844,-0.000530503978779844,-0.000530503978779844,-0.00106100795755969,-0.000530503978779844,-0.000530503978779844,-0.000530503978779844,-0.000530503978779844,-0.000530503978779844,-0.000530503978779844,-0.000530503978779844,-0.000530503978779844,-0.000530503978779844,-0.000530503978779844,-0.000530503978779844,0,-0.000530503978779844,0,-0.000530503978779844,-0.000530503978779844,-0.000530503978779844,-0.000530503978779844,0,-0.000530503978779844,0,-0.000530503978779844,0,-0.000530503978779844,-0.000530503978779844,-0.000530503978779844,-0.000530503978779844,-0.00106100795755969,-0.000530503978779844,-0.000530503978779844,-0.000530503978779844,-0.000530503978779844,-0.000530503978779844,-0.000530503978779844,-0.000530503978779844,-0.000530503978779844,0,-0.000530503978779844,0,-0.000530503978779844,-0.000530503978779844,-0.000530503978779844,-0.000530503978779844,-0.000530503978779844,-0.000477453580901859,0.000220953093144501
KIR2DL4,-0.000530503978779844,-0.000530503978779844,-0.000530503978779844,-0.000530503978779844,-0.000530503978779844,-0.000530503978779844,-0.000530503978779844,-0.00106100795755969,-0.000530503978779844,0,-0.000530503978779844,-0.000530503978779844,-0.000530503978779844,-0.000530503978779844,-0.000530503978779844,0,-0.000530503978779844,-0.000530503978779844,-0.000530503978779844,-0.000530503978779844,-0.000530503978779844,-0.00106100795755969,0,-0.000530503978779844,-0.000530503978779844,-0.000530503978779844,-0.000530503978779844,-0.000530503978779844,0,-0.000530503978779844,-0.000530503978779844,-0.000530503978779844,-0.000530503978779844,0,-0.000530503978779844,-0.000530503978779844,-0.000530503978779844,-0.000530503978779844,-0.00106100795755969,-0.000530503978779844,-0.000530503978779844,-0.000530503978779844,-0.000530503978779844,-0.00106100795755969,-0.000530503978779844,-0.000530503978779844,-0.000530503978779844,0,-0.000530503978779844,-0.000530503978779844,-0.00050928381962865,0.000238696724182558
LINC00299,0.000530503978779837,0,0,0,0,0,0,0,0,0,0,0,0,0,0.000530503978779837,0,0.000530503978779837,0,-0.000530503978779844,-0.000530503978779844,0,0,0,0,0,0,0,-0.000530503978779844,0,0,-0.000530503978779844,0,0,0,0,0,0,0,0,0,0,0,0,0.000530503978779837,0.000530503978779837,0,0,0,0,0,1.06100795755962e-05,0.000227106095689347
TMEM14C,0.000530503978779837,0.000530503978779837,0.000530503978779837,0.000530503978779837,0.000530503978779837,0.000530503978779837,0.000530503978779837,0.000530503978779837,0.000530503978779837,0.000530503978779837,0.000530503978779837,0.000530503978779837,0.000530503978779837,0.000530503978779837,0.000530503978779837,0.000530503978779837,0.000530503978779837,0,0.000530503978779837,0.000530503978779837,0.000530503978779837,0.000530503978779837,0.000530503978779837,0,0.000530503978779837,0,0.000530503978779837,0,0,0.000530503978779837,0.000530503978779837,0.000530503978779837,0.000530503978779837,0.000530503978779837,0.000530503978779837,0.00106100795755968,0.000530503978779837,0.000530503978779837,0,0.000530503978779837,0.00106100795755968,0.000530503978779837,0.000530503978779837,0.000530503978779837,0.000530503978779837,0.000530503978779837,0.000530503978779837,0.000530503978779837,0.000530503978779837,0.000530503978779837,0.00048806366047745,0.000210025115798519
RCAN3,-0.000530503978779844,-0.000530503978779844,-0.00106100795755969,-0.000530503978779844,-0.00106100795755969,-0.000530503978779844,-0.000530503978779844,-0.000530503978779844,0,-0.000530503978779844,-0.00106100795755969,-0.000530503978779844,-0.000530503978779844,0,-0.000530503978779844,-0.000530503978779844,-0.00106100795755969,-0.000530503978779844,-0.000530503978779844,-0.000530503978779844,-0.000530503978779844,-0.000530503978779844,-0.000530503978779844,-0.000530503978779844,-0.000530503978779844,-0.00106100795755969,-0.000530503978779844,-0.000530503978779844,-0.000530503978779844,0,-0.000530503978779844,-0.000530503978779844,-0.000530503978779844,-0.00106100795755969,-0.000530503978779844,-0.000530503978779844,-0.000530503978779844,-0.000530503978779844,-0.000530503978779844,-0.00106100795755969,-0.000530503978779844,0,-0.000530503978779844,-0.000530503978779844,-0.000530503978779844,-0.000530503978779844,-0.000530503978779844,-0.00106100795755969,-0.000530503978779844,0,-0.000562334217506634,0.000271353005018093
GPR155,-0.00106100795755969,0,0,0.000530503978779837,-0.000530503978779844,-0.000530503978779844,0,0,-0.000530503978779844,0,-0.000530503978779844,0,0,-0.000530503978779844,0,0,-0.000530503978779844,0.000530503978779837,0,0,0,0,0,-0.000530503978779844,-0.000530503978779844,-0.000530503978779844,0,-0.000530503978779844,0,0,-0.000530503978779844,0,-0.000530503978779844,0,0,0,0,0,-0.000530503978779844,-0.000530503978779844,0,0,0.000530503978779837,0,0,-0.000530503978779844,-0.000530503978779844,0,0,-0.000530503978779844,-0.00016976127320955,0.000329299914383067
CYB561,0,0,0,0,0,0,0,0,0,0,0,0,0,0,0,0,0,0,0,0,0,0,0,0,0,0,0,0,0,0,0,0,0,0,0,0,0,0,0,0,0,0,0,0,0,0,0,0,0,0,0,0
PDE4B,-0.000530503978779844,-0.000530503978779844,-0.000530503978779844,-0.000530503978779844,-0.000530503978779844,-0.000530503978779844,0,-0.000530503978779844,0,-0.000530503978779844,-0.000530503978779844,-0.000530503978779844,-0.000530503978779844,-0.000530503978779844,-0.000530503978779844,-0.000530503978779844,-0.00106100795755969,-0.000530503978779844,-0.000530503978779844,-0.000530503978779844,-0.000530503978779844,-0.000530503978779844,-0.000530503978779844,-0.000530503978779844,-0.000530503978779844,-0.00106100795755969,-0.000530503978779844,-0.000530503978779844,-0.000530503978779844,-0.000530503978779844,-0.000530503978779844,-0.000530503978779844,-0.000530503978779844,-0.00106100795755969,-0.000530503978779844,-0.000530503978779844,-0.000530503978779844,-0.000530503978779844,-0.00106100795755969,-0.00106100795755969,-0.000530503978779844,0,0,-0.00106100795755969,-0.000530503978779844,-0.000530503978779844,-0.000530503978779844,-0.000530503978779844,-0.000530503978779844,-0.000530503978779844,-0.000551724137931037,0.000238696724182558
LINC00665,0.000530503978779837,0,0,0,0,0,0,0,0,0,0,0,0,0,0,0,0,0,0,0,0,0,-0.000530503978779844,0,0,-0.000530503978779844,0,0,-0.000530503978779844,-0.000530503978779844,0,0,0,0.000530503978779837,0,0,0,0,0.000530503978779837,0,-0.000530503978779844,0,0,0.000530503978779837,0,0,0,0,0,0,-1.06100795755974e-05,0.000227106095689347
THEMIS,0,0,0,0.00106100795755968,0,-0.000530503978779844,0,-0.000530503978779844,-0.000530503978779844,0,0,0,0.000530503978779837,0,0,0,0,-0.000530503978779844,-0.000530503978779844,0,0,0,0,-0.000530503978779844,-0.000530503978779844,0,0.000530503978779837,0.000530503978779837,0,0,0,0.000530503978779837,-0.000530503978779844,0,-0.000530503978779844,0,0.000530503978779837,0,0,-0.000530503978779844,-0.000530503978779844,0.000530503978779837,0.000530503978779837,0.000530503978779837,0,0,0.000530503978779837,0.000530503978779837,0,0,1.06100795755953e-05,0.000378779825673354
RP11-446N19.1,0,0,0,0,0,0,0,0,0,0,0,0,0,0,0,0,0,0,0,0,0,0,0,0,0,0,0,0,0,0,0,0,0,0,0,0,0,0,0,0,0,0,0,0,0,0,0,0,0,0,0,0
LGALS9C,0,0,0,0,0,0,-0.000530503978779844,0,0,0,0,0,0,0,0,0,0,0,0,0,0,0,0,0,0,0,0,0,0,0,0,0,0,0,0,0.000530503978779837,0,0,0.000530503978779837,0,0,0,0,0,0,0,0,0,0,0,1.06100795755966e-05,0.000130827413354597
TRABD2A,0,0,0,0,0,0,0,0,0,0,0,0,0,0,0,0,0,0,0,0,0,0,0,0,0,0,0,0,0,0,0,0,0,0,0,0,0,0,0,0,0,0,0,0,0,0,0,0,0,0,0,0
PRSS57,0,0,0,0,0,0,0,0,0,0,0,0,0,-0.000530503978779844,0,0,0,0,0,0,0,0,0,0,0,0,0,0,0,0,0,0,0,0,0,0,0.000530503978779837,0,0,0,0,0.000530503978779837,0,0,0,0,0,0,0,0,1.06100795755966e-05,0.000130827413354597
CD3D,0.00689655172413793,0.00848806366047745,0.00636604774535809,0.00530503978779841,0.00848806366047745,0.00530503978779841,0.00742705570291777,0.00583554376657824,0.00583554376657824,0.00689655172413793,0.00636604774535809,0.00742705570291777,0.00901856763925729,0.00689655172413793,0.00689655172413793,0.00742705570291777,0.00901856763925729,0.00583554376657824,0.00954907161803713,0.00848806366047745,0.00742705570291777,0.00742705570291777,0.00848806366047745,0.00742705570291777,0.00689655172413793,0.00742705570291777,0.00795755968169761,0.00636604774535809,0.00848806366047745,0.00742705570291777,0.00583554376657824,0.0106100795755968,0.00689655172413793,0.00954907161803713,0.00795755968169761,0.00954907161803713,0.00742705570291777,0.00795755968169761,0.00530503978779841,0.00795755968169761,0.00795755968169761,0.00689655172413793,0.00689655172413793,0.00636604774535809,0.00848806366047745,0.00742705570291777,0.00742705570291777,0.00795755968169761,0.00848806366047745,0.00848806366047745,0.00749071618037135,0.00119174988541782
AQP3,0,0,0,0,0,0,0,0,0,0,0,0,0,-0.000530503978779844,0,0,0,0,0,0,0,0,0,0,0,0,0,0,0,0,0,0,0,-0.000530503978779844,0,-0.000530503978779844,0,0,0,0,0,0,0,0,0,0,0,0,0,0,-3.18302387267906e-05,0.000127266815426001
HLA-DRB1,-0.000530503978779844,0,0,0,0,0,0,0,0,0,0,0,0,0.000530503978779837,-0.000530503978779844,0,0,0,0,-0.000530503978779844,-0.000530503978779844,0,-0.000530503978779844,0,0,0,0,0,0,0,0,0,0,0,0,0,0,0,0,0,0,0,0,0,0,0,0,0,0,0,-4.24403183023876e-05,0.00018061956444817
LINC01550,0,0,0,0,0,0,0,0,0,0,0,0,0,0,0,0,0,0,0,0,0,0,0,0,0,0,0,0,0,0,0,0,0,0,0,0,0,0,0,0,0,0,0,0,0,0,0,0,0,0,0,0
SOCS3,0,0,0,0,0,0,0,0,0,0,0,0,0,0,0,0,0,0,0,0,0,0,0,0,0,0,0,0,0,0,0,0,0,0,0,0,0,0,0,0,0,-0.000530503978779844,0,0,0,0,0,-0.000530503978779844,0,0,-2.12201591511937e-05,0.000105012557899259
DBN1,0,0,0,0,0,0,0,0,0,0,0,0,0,0,0,0,0,0,0,0,0,0,0,0,0,0,0,0,0,0,0,0,0,0,0,0,0,0,0,0,0,0,0,-0.000530503978779844,0,0,0,0,0,0.000530503978779837,-1.38777878078145e-19,0.000107177993099025
SELENOM,0,-0.00106100795755969,-0.000530503978779844,0,-0.000530503978779844,-0.000530503978779844,-0.000530503978779844,-0.000530503978779844,-0.00106100795755969,-0.000530503978779844,0.000530503978779837,0,0.000530503978779837,-0.000530503978779844,0,-0.000530503978779844,-0.000530503978779844,-0.000530503978779844,-0.000530503978779844,-0.00106100795755969,-0.00106100795755969,-0.000530503978779844,0,-0.000530503978779844,-0.000530503978779844,0.000530503978779837,-0.000530503978779844,-0.000530503978779844,-0.000530503978779844,-0.000530503978779844,-0.000530503978779844,-0.000530503978779844,0,0,-0.000530503978779844,0,-0.000530503978779844,0,-0.000530503978779844,-0.000530503978779844,0,-0.000530503978779844,0,0,0,-0.000530503978779844,-0.000530503978779844,-0.00106100795755969,-0.000530503978779844,-0.000530503978779844,-0.000381962864721488,0.000387029809639697
RASSF4,0,0.000530503978779837,0.000530503978779837,0.00106100795755968,0.0026525198938992,0.000530503978779837,0.000530503978779837,0.00106100795755968,0.00106100795755968,0.000530503978779837,0.000530503978779837,0.00106100795755968,0,0,0.000530503978779837,-0.000530503978779844,0.000530503978779837,0.00106100795755968,0,0.00106100795755968,0.00159151193633952,0.00106100795755968,0.00106100795755968,0.000530503978779837,0.000530503978779837,-0.00106100795755969,0.00106100795755968,0.000530503978779837,0.000530503978779837,0.00106100795755968,0.000530503978779837,0.000530503978779837,0.000530503978779837,0.000530503978779837,0,0.0026525198938992,-0.000530503978779844,0.000530503978779837,0.00106100795755968,0.000530503978779837,0.00159151193633952,0.00106100795755968,0.00106100795755968,0,0.000530503978779837,0.00106100795755968,0.00106100795755968,0.00159151193633952,0.000530503978779837,0.00159151193633952,0.000721485411140581,0.000675816527513386
ABCD2,0,0,0,0,0,0,0,0.000530503978779837,0,0,0,0,0,0,0,0,0,0,0,0,0,0,0,0,0,0,0,0,0,0,0,0,0,0,0,0,0.000530503978779837,0,0,0,0,0,0,0,0,0,0,0,0,0,2.12201591511935e-05,0.000105012557899259
PROK2,0,0,0,-0.000530503978779844,0,-0.000530503978779844,0,0,0,0,0,0,0,0,0,0,0,0,0,0,0,0,0,0,0,0,0,-0.000530503978779844,0,0,0,0,0,0,0,0,0,0,0,0,0,0,0,0,0,0,0,0,0,0,-3.18302387267906e-05,0.000127266815426001
LINC00987,-0.000530503978779844,0,0,0,0,0.000530503978779837,0,0,-0.000530503978779844,0.000530503978779837,0.000530503978779837,0,0,0.000530503978779837,0,0,0,-0.000530503978779844,0.000530503978779837,0,0,0,0,0,0,0,-0.000530503978779844,0,0,0,0,0,-0.00106100795755969,-0.000530503978779844,-0.000530503978779844,0,0,0,0,0,0,0,0,0,0,0,0,0,0,0,-3.18302387267913e-05,0.000291752593025468
SLC49A3,0,0,0,0,0,0,0,0,0,0,0,0,0,0,0,0,0,0,0,0,0,-0.000530503978779844,0,0,0,0,0,0,0,0,0,0,0,0,0,0,0,0,0,0,0,0.000530503978779837,0,0,0,0,0,0,0,0,-1.38777878078145e-19,0.000107177993099025
CCR7,0,0,0,0,0,0,0,0,0,0,-0.000530503978779844,0,0,0,0,0,0,0,0,0,0,0,0,0,0,0,0,0,0,-0.000530503978779844,0,0,0,0,0,0,0,0,0,0,0,-0.000530503978779844,0,0,0,0,-0.000530503978779844,-0.00106100795755969,0,-0.000530503978779844,-7.42705570291781e-05,0.000214623763924189
FCGR2C,0.000530503978779837,0,0,0,0,0,0,0,0,0.000530503978779837,0,0,0,-0.000530503978779844,0,0,0.000530503978779837,0,0.000530503978779837,0.000530503978779837,0,0,0,0,0,0,0,0,0,0,-0.000530503978779844,0,-0.000530503978779844,-0.000530503978779844,0,0,0,0,0,0.000530503978779837,0,0,0,-0.000530503978779844,0,0,0.000530503978779837,0,0,0,2.12201591511928e-05,0.000261654826709195
NAP1L2,0,-0.000530503978779844,0,0,0,0,0,0,0,0,0,0,0,0,0,0,0,0,-0.000530503978779844,0,0,0,0,0,0,0,0,0,0,0,0,0,0,0,0,0,0,0,0,0,0,0,0,0,0,0,0,0,0,0,-2.12201591511937e-05,0.000105012557899259
FLT3LG,0,0,0,-0.000530503978779844,-0.000530503978779844,0,0,-0.000530503978779844,-0.000530503978779844,0,-0.000530503978779844,0,0,-0.000530503978779844,0,0,0,0,0,0,0,0,0,0,-0.000530503978779844,0,0,0,0,-0.000530503978779844,0,0,0,-0.000530503978779844,0,0,0,0,0,0,0,0,0,-0.000530503978779844,0,0,0,-0.000530503978779844,-0.000530503978779844,-0.000530503978779844,-0.000137931034482759,0.000235059689876367
CD4,0,0,0,0,0,0,0,0,0,0,0,-0.000530503978779844,0,0,0,0,0,0,0,0,0,0,0,0,0,0,0,0,0,0,0,0,0,0,0,0,0,0,-0.000530503978779844,0,0,0,0,-0.000530503978779844,0,0,0,0,0,0,-3.18302387267906e-05,0.000127266815426001
SGTB,0,0,0,0,0,0,0,0,-0.000530503978779844,0,0,0,0,0,0,0,0,0,0,0,0,0,0,0.000530503978779837,0,0,0,0,0,0,0,0,-0.000530503978779844,0.000530503978779837,0,0,0,0,0.000530503978779837,0,0,-0.000530503978779844,0,0,0,0,0,0,0,0,-4.16333634234434e-19,0.000185637729500778
CES1,0,0,0,0,0,0,0,0,0,0,0,0,0,0,0,0,0,0,-0.000530503978779844,0,0,0,0,0.000530503978779837,0,0,0,0,0,0,0,0,0,0,0,0,0,0,0,0,0,0,0,0,0,0,0,0,0,0,-1.38777878078145e-19,0.000107177993099025
NUGGC,0,0,0,0,0,0,0,0,0,0,0,0,0,0,0,0,0,0,0,0,0,0,0,0,0,0,0,0,0,0,0,0,0,0,0,0,0,0,0,0,0,0,0,0,0,0,0,0,0,0,0,0
RPL30P4,0,-0.000530503978779844,0,0,0,0,0,0,0,0,0,0,0,0,0,0,0,0,0,0,0,0,0,0,0,0,0,0,0,0,0,0,0,0,0,0,0,0,0,0,0,0,0,0,0,0,0,0,0,0,-1.06100795755969e-05,7.50245951693176e-05
AASS,0,0,0,0,0,0,0,0,0,0,0,0,0,0,0,0,0,0,0,0,0,0,0,0,0,0,0,0,0,0,0,0,0,0,0,0,0,0,0,0,0,0,0,-0.000530503978779844,0,0,0,0,0,0,-1.06100795755969e-05,7.50245951693176e-05
DGKK,0,0,0,0,0,0,0,0,0,0,0,0,0,0,0,0,0,0,0,0,0,0,0,0,0,0,0,0,0,0,0,0,0,0,0,0,0,0,0,0,0,0,0,0,0,0,0,0,0,0,0,0
PCNX2,-0.000530503978779844,0,0,0,0,0,-0.000530503978779844,-0.000530503978779844,0,0,0,0,0,0,0,0,0,0,0,0,0,0,0,0.000530503978779837,0,0,0,0,0.000530503978779837,0,0,0,0,0,0,0,0,0,0,0,0,0,0,0,0,0,-0.000530503978779844,-0.000530503978779844,0,0,-3.18302387267909e-05,0.000197916868200124
PATJ,0,-0.000530503978779844,0.000530503978779837,0,-0.000530503978779844,0,0,0,0,0,0.000530503978779837,0,0,0,0,0,0,0.000530503978779837,-0.000530503978779844,0,0,0,0.000530503978779837,0,0,-0.000530503978779844,0.000530503978779837,0,0,0,0,0,-0.000530503978779844,0,0,0,0,0,0,0,-0.00106100795755969,-0.000530503978779844,0,0,0,0,-0.000530503978779844,0,-0.000530503978779844,0,-5.3050397877985e-05,0.000307845347843785
LINC00239,0,0,0,0,0,0,0,0,0,0,0,-0.000530503978779844,0,0,0,0,0,0,0,0,0,0,0,0,0,0,0,0,0,0,0,0,0,0,0,0,0,0,0,0,0,0,0,0,0,0,0,0,0,0,-1.06100795755969e-05,7.50245951693176e-05
SUSD3,0,0,0,0,0,0,0,0,0,0,-0.000530503978779844,0,0,-0.000530503978779844,0,0,0,0,0,0,0,0,0,0,0,-0.000530503978779844,0,0,0,-0.000530503978779844,0,0,0,0,0,0,0,0,0,0,0,0,0,0,0,0,0,0,0,-0.000530503978779844,-5.30503978779844e-05,0.000160766989648538
RP11-592N21.1,0,0,0,0,0,0,0,0,0,0,0,0,0,0,0,0,0,0,0,0,0,0,0,0,0,0,0,0,0,0,0,0,0,0,0,0,0,0,0,0,0,0,0,0,0,0,0,0,0,0,0,0
ANK3,0,0,-0.000530503978779844,0,0,0,0,0,0,0,-0.000530503978779844,0,0,0,0,0,0,0,0,0,0,0,0,0,0,-0.000530503978779844,0,0,0,0,0,0,0,0,0,0,-0.000530503978779844,0,0,0,0,0,0,0,0,0,0,-0.000530503978779844,0,0,-5.30503978779844e-05,0.000160766989648538
FBLN5,0,0,0,0,0,0,0,0,0,0,0,0,0,0,0,0,0,0,0,0,0,0,0,0,0,0,0,0,0,0,0,0,0,0,0,0,0,0,0,0,0,0,0,0,0,0,0,0,0,0,0,0
FAM102A,0,0,0,0,0,0,0,0,0,0,0,0,0,-0.000530503978779844,0,0,0,0,0,0,0,0,0,0,0,0,0,0,0,0,0,0,0,0,0,0,0,0,0,0,0,0,0,0,0,0,0,0,0,0,-1.06100795755969e-05,7.50245951693176e-05
Y_RNA_ENSG00000200502,0,0,0,0,0,0,0,0,-0.000530503978779844,0,0,0,0,0,0,0,0,0,0,0,0,0,0,0,0,0,0,0,0,0,0,0,0,0,0,0,0,0,0,0,0,0,0,0,0,0,0,0,0,0,-1.06100795755969e-05,7.50245951693176e-05
GNAL,0.000530503978779837,0,0,-0.000530503978779844,0,0,0,0,0,0,0,0,0.000530503978779837,0,0,0,0,0,0.000530503978779837,-0.000530503978779844,0,0.000530503978779837,0,0,0,0,0.000530503978779837,0,0,0,0.000530503978779837,0,0,0,0,0,0,0.000530503978779837,0,0,0,0,0,0,0,0,-0.000530503978779844,0,0,0,4.24403183023865e-05,0.000235791584817855
RP4-765C7.2,0,0,0.000530503978779837,0.000530503978779837,0.000530503978779837,0.000530503978779837,0.000530503978779837,0.000530503978779837,0.000530503978779837,0.000530503978779837,0.000530503978779837,0.000530503978779837,0.000530503978779837,0.000530503978779837,0.00106100795755968,0,0.000530503978779837,0.000530503978779837,0.000530503978779837,0.000530503978779837,0.00106100795755968,0.00106100795755968,0.00106100795755968,0.000530503978779837,0.000530503978779837,0.000530503978779837,0.000530503978779837,0.00106100795755968,0.00106100795755968,0.000530503978779837,0.000530503978779837,0.00106100795755968,0.000530503978779837,0.000530503978779837,0.000530503978779837,0.000530503978779837,0.000530503978779837,0.000530503978779837,0,0.00106100795755968,0.000530503978779837,0.000530503978779837,0.000530503978779837,0.000530503978779837,0.000530503978779837,0.000530503978779837,0.000530503978779837,0.00106100795755968,0.000530503978779837,0.000530503978779837,0.000583554376657821,0.000267944982747563
CD40LG,0,0,0,0,0,0,0,0,0,0,0,0,0,0,0,0,0,0,0,0,0,0,0,-0.000530503978779844,0,0,0,0,0,0,0,0,0,0,0,0,0,0,0,0,0,0,0,0,0,0,0,0,0,0,-1.06100795755969e-05,7.50245951693176e-05
TMOD2,0,0,0,0,0,0,0,0,0,0,0,0,0,0,0,0,0,0,0,0,0,0,0,0,0,0,0,0,0,0,0,0,0,0,0,0,0,0,0,0,0,0,0,0,0,0,0,0,0,0,0,0
KIR2DL1,-0.000530503978779844,0,0,0,0,0,0,0,0,0,0,0,0,0,0,0,0,0,0,0,0,0,0,0,0,0,0,0,0,0,0,0,0,0,0,0,0,0,0,0,0,0,0,0,0,0,0,0,0,0,-1.06100795755969e-05,7.50245951693176e-05
CERCAM,0,0,0,0,0,0,0,0,0,0,0,0.000530503978779837,0,0,0,0,0.000530503978779837,0.000530503978779837,0,0,0,0,0,0,0,0,0.000530503978779837,0,0,0,0,0,0,0,0,0,0,0,0,0,0,0,0.000530503978779837,0,0,0,0,0,0,0,5.30503978779837e-05,0.000160766989648538
DGKH,0,0,0,0,0,0,0,0,0,0,0,0,0,0,0,0,0,0,0,0,-0.000530503978779844,0,0,0,-0.000530503978779844,0,0,0,0,0,0,0,0,0,0,0,0,0,0,0,0,-0.000530503978779844,0,0,0,0,-0.000530503978779844,0,0,0,-4.24403183023875e-05,0.000145383303225342
ERFE,0,0,0,0,0,0,0,0,0,0,0,0,0,0,0,0,0,0,0,0,0,0,0,0,0,0,0,0,0,0,0,0,0,0,0,0,0,0,0,0,0,0.000530503978779837,0,0,0,0,0,0,0,0,1.06100795755967e-05,7.50245951693176e-05
USP44,0,0,0,0,0,0,0,0,0,0,0,0,0,0,0,0,0,0,0,0,0,0,0,0,0,0,0,0,0,0,0,0,0,0,0,0,0,0,0,0,0,0,0,0,0,0,0,0,0,0,0,0
LSR,0,0,0,0,0,0,0,0,0,0,0,0,0,0,0,0,0,0,0,0,0,0,0,0,0,0.000530503978779837,0,0,0,0,0.000530503978779837,0,0,0,0,0,0,0,0,0,0,0,0,0,0,0,0,0,0,0,2.12201591511935e-05,0.000105012557899259
MIR181A2HG,0,0.000530503978779837,0,0,0,0,0,0,0,0,0,0,0,0,0,0,0,0,0,0,0,0,0,0,0,0,0,0,0,0,0,0,0,0,0,0,0,0,0,0,0,0,0,0,0,0,0,0,0,0,1.06100795755967e-05,7.50245951693176e-05
RPS15AP24,0,0,0,0,0,0,0,0,0,0,0,0,0,0,0,0,0,0,0,0,0,0,0,0,0,0,0,0,0.000530503978779837,0,0,0,0,0,0,0,0,0,0.000530503978779837,0,0,0,0,0,0,0,0,0,0,0,2.12201591511935e-05,0.000105012557899259
TNFRSF10A,0,0,0,0,0,0,0,0,0,0,0,0,0,0,0,0,0,0,0,0,0,0,0,0,0,0,0,0,0,0,0,0,0,0,0,0,0,0,0,0,0,0,0,0,0,0,0,0,0,0,0,0
CFL1P1,0,0,0,0,-0.000530503978779844,0,0,0,0,0,0,0,0,0,0,0,0,-0.000530503978779844,0,0,0,0,0,0,0,-0.000530503978779844,0,0,0,0,0,0,0,0,0,0,0,0,0,0,0,-0.000530503978779844,0,0,0,0,0,0,0,0,-4.24403183023875e-05,0.000145383303225342
TRGV3,0,-0.000530503978779844,-0.000530503978779844,-0.000530503978779844,-0.000530503978779844,-0.000530503978779844,-0.000530503978779844,-0.000530503978779844,-0.000530503978779844,-0.000530503978779844,-0.000530503978779844,-0.000530503978779844,-0.000530503978779844,-0.000530503978779844,-0.000530503978779844,-0.000530503978779844,-0.000530503978779844,-0.000530503978779844,-0.000530503978779844,-0.000530503978779844,-0.000530503978779844,0,-0.000530503978779844,-0.000530503978779844,-0.000530503978779844,-0.000530503978779844,-0.000530503978779844,-0.000530503978779844,-0.000530503978779844,-0.000530503978779844,-0.000530503978779844,-0.000530503978779844,-0.000530503978779844,-0.000530503978779844,-0.000530503978779844,-0.000530503978779844,-0.00106100795755969,-0.000530503978779844,-0.000530503978779844,-0.000530503978779844,-0.000530503978779844,-0.000530503978779844,-0.000530503978779844,-0.000530503978779844,-0.000530503978779844,-0.000530503978779844,-0.000530503978779844,-0.000530503978779844,-0.000530503978779844,-0.000530503978779844,-0.000519893899204247,0.000130827413354597
GSDMA,0,0,0,0,0,0,0,0,0,0,0,0,0,0,0,0,0,0,0,0,0,0,0,0,0,0,0,0,0,0,0,0,0,0,0,0,0,0,0,0,0,0,0,0,0,0,0,0,0,0,0,0
IL23A,0,0,0,0,0,0,0,0,0,0,0,0,0,0,0,0,0,0,0,0,0,0,0,0,0,0,0,0,0,0,0,0,0,0,0,0,0,0,0,0,0,0,0,0,0,0,0,0,0,0,0,0
RP1-244F24.1,0,0,0,0,0,0,0,0,0,0,0,0,0,0,0,0,0,0,0,-0.000530503978779844,0,0,0,0,0,0,0,0,0,-0.000530503978779844,0,0,0,0,0,0,0,0,0,0,0,0,0,0,0,0,0,0,0,-0.000530503978779844,-3.18302387267906e-05,0.000127266815426001
SAP30-DT,0,0,0,0,0,0,-0.000530503978779844,0,0,0,0,0,0,0,0,0,0,0,0,0,0,0,0,0,0,0,0,0,0,0,0,0,0,0,0,0,0,0,0,0,0,0,0,0,0,0,0,0,0,0,-1.06100795755969e-05,7.50245951693176e-05
RP11-284N8.3,0,-0.000530503978779844,0,0,0,0,0,0,0,0,0,0,0,0,0,0,0,0,0,0,0,0,0,0,0,0,0,0,0,0,0,0,0,0,0,0,0,0,0,0,0,0,0,0,0,0,0,0,0,0,-1.06100795755969e-05,7.50245951693176e-05
SORBS3,0,0,0,0,0,0,0,0,-0.000530503978779844,0,0,0,0,0,0,0,0,0,0,0,0,-0.000530503978779844,0,0,0,0,0,0,0,0,0,0,0,0,0,0,0,0,0,0,0,0,-0.000530503978779844,-0.000530503978779844,0,0,0,0,-0.000530503978779844,0,-5.30503978779844e-05,0.000160766989648538
CTLA4,0,0,0,0,0,0,0,0,0,0,0.000530503978779837,0,0,-0.000530503978779844,0,0,-0.000530503978779844,0,0,0,0,0,0,-0.000530503978779844,0,0,0,0,0,-0.000530503978779844,0,-0.000530503978779844,0,0,0,0,0,0,0,-0.000530503978779844,0,0,0,0,0,0,0,0,0,-0.000530503978779844,-6.36604774535814e-05,0.00020448257829271
NELL2,0,0,0,0,0,0,0,0,0,0,-0.000530503978779844,0,0,-0.000530503978779844,0,0,0,0,0,0,0,0,0,0,0,0,0,0,0,-0.000530503978779844,0,0,0,0,0,0,0,0,0,0,0,0,0.000530503978779837,0,0,0,0,-0.000530503978779844,0,-0.000530503978779844,-4.24403183023876e-05,0.00018061956444817
SLAMF1,0,0,0,0,0,0,0,0,-0.000530503978779844,0,0,0,0,-0.000530503978779844,0,0,-0.000530503978779844,0,0,0,0,0,0,0,0,0,0,0,0,0,0,0,0,0,-0.000530503978779844,0,0,0,0,-0.000530503978779844,0,0,0,0,0,-0.000530503978779844,0,0,0,0,-6.36604774535812e-05,0.000174143626413658
CRTAM,0.000530503978779837,0,0,0,0,0,0,-0.000530503978779844,0,0,0,0,0.000530503978779837,0,0,0,0,0,0,0,0,0,0,0,-0.000530503978779844,0,0,0,0,0,0,-0.000530503978779844,0,0,0,0,0.000530503978779837,0,0.000530503978779837,0,0,0,0,0,0,0,0,0,0,0,1.06100795755963e-05,0.00020022501465732
CAMK4,0.000530503978779837,0,0,0.000530503978779837,0.000530503978779837,0.000530503978779837,0.000530503978779837,0,0.000530503978779837,0.000530503978779837,0,0.000530503978779837,0,0.00106100795755968,0.000530503978779837,0,0,0.000530503978779837,0.000530503978779837,0,0.000530503978779837,0.00106100795755968,0.00106100795755968,0.000530503978779837,0.000530503978779837,0,0.00106100795755968,0.000530503978779837,0.00106100795755968,0.000530503978779837,0.000530503978779837,0.000530503978779837,0.000530503978779837,0,-0.000530503978779844,0.000530503978779837,0.000530503978779837,0.000530503978779837,0,0.000530503978779837,0.000530503978779837,0,0.000530503978779837,0.000530503978779837,0.00106100795755968,0,0.000530503978779837,0,0.000530503978779837,0.000530503978779837,0.00042440318302387,0.000355469188892767
CD84,0.00159151193633952,0,0.00159151193633952,0.00106100795755968,0.00106100795755968,-0.00106100795755969,-0.000530503978779844,0.00106100795755968,-0.000530503978779844,0.00106100795755968,0.000530503978779837,0,0.00212201591511936,0.00106100795755968,0.00106100795755968,0,0,0.000530503978779837,0.00159151193633952,0.00106100795755968,0.00106100795755968,0.00212201591511936,0.00106100795755968,0.000530503978779837,-0.000530503978779844,0,0,0.000530503978779837,0.00159151193633952,0.000530503978779837,0.00106100795755968,0,0.000530503978779837,0.000530503978779837,0.000530503978779837,0.00159151193633952,0,0.00106100795755968,0.00106100795755968,0.000530503978779837,0.00106100795755968,0.000530503978779837,0.000530503978779837,0.000530503978779837,0.000530503978779837,0.00106100795755968,0.000530503978779837,0,0.000530503978779837,0.000530503978779837,0.000657824933687001,0.000674114644863397
CADM1,0,0,0,0,0,0,0,0,0,0,0,0,0,0,0,0,0,0,0,0,0,0,0,0,0,0,0,0,0,0,0,0,0,0,0,0,0,0,0,0,0,0,0,0,0,0,0,0,0,0,0,0
AATK,0,0,0,0,0,0,0,0,0,0,0,0,0,0,0,0,0,0,0,0,0,0,0,0,0,0,0,0,0,0,0,0,0,0,0,0,0,0,0,0,0,0,0,0,0,0,0,0,0,0,0,0
PZP,0,0,0,0,0,0,0,0,0,0,0,0,0,0,0,0,0,0,0,0,0,0,0,-0.000530503978779844,0,0,0,0,0,0,0,0,0,0,0,0,0,0,0,0,0,0,0,0,0,0,0,0,0,0,-1.06100795755969e-05,7.50245951693176e-05
RPL7AP30,0,0,0,0,0,0,0,0,0,0,0,0,0,0,0,0,0,0,0,0,0,0,0,0,0,0,0,0,0.000530503978779837,-0.000530503978779844,0,0,0,0,0,0,0,0,0,0,0,0,0,0,0,0,0,0,0,0,-1.38777878078145e-19,0.000107177993099025
CDKN2A,0,0,0,0,0,0,0,0,0,0,0,0,0,0,0,0,0,0,0,0,0,0,0,0,0,0,0,0,0,0,0,0,0,0,0,0,0,0,0,0,0,0,0,0,0,0,0,0,0,0,0,0
PTPRM,0,0,0,0,0,0,0,0,0,0,0,0,0,0.000530503978779837,0,0,0,0,0,0,0,0,0,0,0,0,0,0,0,0,0,0,0,0,0,0,0,0,0,0,0,0,0,0,0,0,0,0,0,0,1.06100795755967e-05,7.50245951693176e-05
RASA4,0,0,0,0,0,0,0,0,0,0,0,0,0,0,0,0,0,0,0,0,0,0,0,0,0,0,0,0,0,0,0,0,0,0,0,0,0,0,0,0,0,0,0,0,0,0,0,0,0,0,0,0
PSD,0,0,0,0,0,0,0,0,0,0,0,0,0,0,0,0,0,0,0,0,0.000530503978779837,0,0,0,0,0,0,0,0,0,0,0,0,0,0,0,0,0,0,0,0,0,0,0,0,0,0,0,0,0,1.06100795755967e-05,7.50245951693176e-05
MAGI3,0,0,0,0,0,0,0,0,0,0,0,0,0,0,0,0,0,0,0,0,0,0,0.000530503978779837,0,0,0,0,0,0,0,0,0,0,0,0,0,0,0,0,0,0,0,0,0,0,0,0,0,0,0,1.06100795755967e-05,7.50245951693176e-05
HAPLN3,0,0,0,0,0,0,0,0,0,0,0,0,0,0,0,0,0,0,0,0,0,0,0.000530503978779837,0,0,0,0,0,0,0,0,0,0,0,0,0,0,0,0,0,0,0,0,0,0,0,0,0,0,0,1.06100795755967e-05,7.50245951693176e-05
RP11-747H7.3,0,0,0,0,0,0,0,0,0,0,0,0,0,0,0,0,0,0,0,0,0,0,0.000530503978779837,0,0,0.000530503978779837,-0.000530503978779844,0,-0.000530503978779844,-0.000530503978779844,0,0,0,0,0,0,0.000530503978779837,0,0,0,0,0,0,0,0,0,0,0,0,-0.000530503978779844,-1.06100795755973e-05,0.00020022501465732
SESN3,0,0,0,0,0,0,0,0,-0.000530503978779844,0,0,0,0,-0.000530503978779844,0,0.000530503978779837,0,0,0,0,0,0,0,0,-0.000530503978779844,0,0,0,0,0,0,0,0,0,0,0,0,0,0,0,0,-0.000530503978779844,0,0,0,0,-0.00106100795755969,0,0,0,-5.30503978779845e-05,0.000220953093144501
STYK1,0,0,0,0,0,0,0,0,0,0,0,0,0,0,0,0,0,0,0,0,0,0,0,0,0,0,0,0,0,0,0,0,0,0,0,0,0,0,0,0,0,0,0,0,0,0,0,0,0,0,0,0
GPR55,0,0,0,0,0,0,0,0,0,0,0,0,0,0,0,0,0,0,0,0,0,0,0,0,0,0,0,0,0,0,0,0,0,0,0,0,0,0,0,0,0,0,0,0,0,0,0,0,0,0,0,0
MSC-AS1,0,0,0,0,0,0,0,0,0,0,0,0,0,0,0,0,0,0,0,0,0,0,0,0,0,0,0,0,0,0,0,0,0,0,0,0,0,0,0,0,0,0,0,0,0,0,0,0,0,0,0,0
FAM241A,0,0,0,0,0,0,0,0,0,0,0,0,0,0,0,0,0,0,0,0,0,0,0,0,0,0,0,0,0,0,0,0,0,0,0,0,0,0,0,0,0,0,0,0,0,0,0,0,0,0,0,0
NRXN2,0,0,0,0,0,0,-0.000530503978779844,0,0,0,0,0,0,0,0,0,0,0,0,0,0,0,0,0,0,0,0,0,0,0,0,0,0,0,0,0,0,0,0,0,0,0,0,0,0,0,0,0,0,0,-1.06100795755969e-05,7.50245951693176e-05
JAKMIP1,0,0,0.000530503978779837,0,0,0,0,0,0.000530503978779837,0,0,0,0,0,0,0,0,0,0,0,0,0,0,0,0,0,0,0,0,0,0,0,0,0,0,0,0,0,0.000530503978779837,0,0,0,0,0,0,0,0,0,0,0,3.18302387267902e-05,0.000127266815426001
GCSAM,0,0,0,0,0,0,0,0,0,0,0,0,0,0,0,0,0,0,0,0,0,0,0,0,0,0,0,0,0,0,0,0,0,0,0,0,0,0,0,0,0,0,0,0,0,0,0,0,0,0,0,0
RP5-1091N2.9,0,0,0,0,0,0,0,0,0,0,0,0,0,0,0,0,0,0,0,0,0,0,0,0,0,0,0,0,0,0,0,0,0,0,0,0,0,0,0,0,0,0,0,0,0,0,0,0,0,0,0,0
SOCAR,0,0,0,0,0,0,0,0,0,0,0,0,0,0,0,0,0,0,0,0,0,0,0,0,0,0,0,0,0,0,0,0,0,0,0,0,0,0,0,0,0,0,0,0,0,0,0,0,0,0,0,0
HNRNPA1P34,0,0,0,0,0,-0.000530503978779844,0,0,0,0,0,0,0,0,0,-0.000530503978779844,0,0,0,-0.000530503978779844,0,0,0,0,0,0,0,0,0,0,0,0,0,-0.000530503978779844,0,0,0,0,0,0,0,0,0,0,0,0,0,0,0,0,-4.24403183023875e-05,0.000145383303225342
RPL21P75,0,0,0,0,0.000530503978779837,0,0,0,0,0,0,0,0,0.000530503978779837,0,0,0,0,0,0,0,0,0,0,0,0,0,0,0,0,0,0.000530503978779837,0,0,0,0,0,0,0,0,0,0,0,0,0,0,0,0,0,0,3.18302387267902e-05,0.000127266815426001
RPS2P46,0,0,0,0,0,0,0,0,0,0,0,0,0,0,0,0,0,0,0,0,0,0,0,0,0,0,0,0,0,0,0,0,0,0,0,0,0,0,0,0,0,0,0,0,0,0,0,0,0,0,0,0
DISC1,0,0,0,0,0,0,0,0,0,0,0,0,0,0,0,0,0,0,0,0,-0.000530503978779844,0,0,0,0,-0.000530503978779844,0,0,0,0,0,0,0,0,0,0,0,0,0,0,0,0,0,0,0,0,0,0,0,0,-2.12201591511937e-05,0.000105012557899259
CDKN3,0,0,0,0,0,0,0,0,0,0,0,0,0,0,0,0,-0.000530503978779844,0,0,0,0,0,0,0,0,0,0,0,0,0,0,0,0,0,-0.000530503978779844,0,0,0,0,-0.000530503978779844,0,0,0,0,0,0,0,0,0,0,-3.18302387267906e-05,0.000127266815426001
MS4A1,0,0,0,0,0,0,0,0,0,0,0,0,0,0,0,0,0,0,0,0,0,0,0,0,0,0,-0.000530503978779844,0,0,0,0,0,0,0,0,0,0,0,0,0,0,0,0,0,0,0,0,0,0,0,-1.06100795755969e-05,7.50245951693176e-05
KLRA1P,0,0,0,0,0,0,0,0,0,0,0,0,0,0,0,0,0,0,0,0,0,0,0,0,0,0,0,0,0,0,0,0,0,0,0,0,0,0,0,0,0,0,0,0,0,0,0,0,0,0,0,0
ICOS,0,0,-0.000530503978779844,0,0,0,0,0,0,0,0,0,0,0,0,0,-0.000530503978779844,0,0,0,0,0,0,0,0,0,0,0,0,0,0,0,0,0,-0.000530503978779844,0,0,0,0,-0.000530503978779844,0,0,0,0,0,0,-0.000530503978779844,0,0,0,-5.30503978779844e-05,0.000160766989648538
ACSL6,0,0,0,0,0,0,0,0,0,0,0,0,0,0,0,0,0,0,0,0,0,0,0,0,0,0,0,0,0,0,0,0,0,0,0,0,0,0,0,0,0,0.000530503978779837,0.000530503978779837,0,0,0,0,0.000530503978779837,0,0,3.18302387267902e-05,0.000127266815426001
UBASH3A,0,0,0,0,-0.000530503978779844,0,0,0,0,0,0,0,0,-0.000530503978779844,0,0,0,0,0,0,0,0,0,0,0,0,0,0,0,0,0,0,0,0,0,0,0,0,0,0,0,0,0,0,0,0,0,-0.000530503978779844,0,0,-3.18302387267906e-05,0.000127266815426001
MAN1C1,0,0,0,0,0,0,0,0,0,0,0,0,0,0,0,0,0,0,0,0,0,0,0,0,0,0,0,0,0,0,0,0,0,0,0,0,0,0,0,0,0,0,0,0,0,0,0,0,0,0,0,0
WDR86-AS1,0,0,0,0,0,0,0,0,0,0,0,0,0,0,0,0,0,0,0,0,0,0,0,0,0,0.000530503978779837,0,0,0,0,0,0,-0.000530503978779844,0,0,0,0,0,0,0.000530503978779837,0,0,0,0,0,0,-0.000530503978779844,0,0.000530503978779837,0,1.06100795755965e-05,0.00016912402044
RP11-1399P15.1,0,0,0,0,0,0,0,0,0,0,0,0,0,0,0,0,0,0,0,0,0,0,0,0,0,0,0,0,0,0,0,0,0,0,0,0,0,0,0,0,0,0,0,0,0,0,0,0,0,0,0,0
IGLV2-14,0,0,0,0,0,0,0,0,0,0,0,0,0,0,0,0,0,0,0,0,0,0,0,0,0,0,0,0,0,0,0,0,0,0,0,0,0,0,0,0,0,0,0,0,0,0,0,-0.000530503978779844,0,0,-1.06100795755969e-05,7.50245951693176e-05
PCDH1,0,0,0,0,0,0,0,0,0,0,0,0,0,0,0,0,0,0,0,0,0,0,0,0,0,0,0,0,0,0,0,0,0,0,0,0,0,0,0,0,0,0,0,0,0,0,0,0,0,0,0,0
PASK,0,0,0,-0.000530503978779844,0,0,0,0,-0.000530503978779844,0,0,0,0,0,0,0,0,0,0,0,0,0,0,0,0,-0.000530503978779844,0,0,0,-0.000530503978779844,0,0,0,0,0,-0.000530503978779844,0,0,0,0,0,0,0,0,0,0,0,0,0,-0.000530503978779844,-6.36604774535812e-05,0.000174143626413658
RP11-17A1.3,0,0,0,0,0,0,0,0,0,0,0,0,0,0,0,0,0,0,0,0,0,0,0,0,0,0,0,0,0,0,0,0,0,0,0,0,0,0,0,0,0,0,0,0,0,0,0,0,0,0,0,0
ADAM19,0,0,0,0,0,0,0,0,0,0,0,0,0,0,0,0,0,0,0,0,0,0,0,0,0,0,0,0,0,0,0,0,0,0,0,0,0,0,0,0,0,0,0,0,0,0,0,0,0,0,0,0
LINC00278,0,0,0,0,0,0,0,0,0,0,0,0,0,0,0,0,0,0,0,0,0,0,0,0,0,0,0,0,0,0,0,0,0,0,0,0,0,0,0,0,0,0,0,0,0,0,0,0,0,0,0,0
LRRK1,0,0,0,0,0,0,0,0,0,0,0,0,0,0,0,0,0,0,0,0,0,0,0,0.000530503978779837,0,0,0,0,0,0,0,0,0,0,0.000530503978779837,0,0,0,0,0,0,0,0,0,0,0,0,0,-0.000530503978779844,0,1.06100795755966e-05,0.000130827413354597
EEF1B2P2,0,0,0,0,0,0,0,0,0,-0.000530503978779844,0,0,0,0,0,0,0,0,0,0,0,0,0,0,0,0,0,0,0,0,0,0,0,0,0,0,0,0,0,0,0,0,0,0,0,0,-0.000530503978779844,0,0,0,-2.12201591511937e-05,0.000105012557899259
IL2RA,0,0,0,0,0,0,0,0,0,0,0,0,0,0,0,0,0,0,0,0,0,0,0,0,0,0,0,0,0,0,0,0,0,0,0,0,0,0,0,0,-0.000530503978779844,0,0,0,0,0,0,0,0,0,-1.06100795755969e-05,7.50245951693176e-05
ADCY3,0,0,0,0,0,0,0,0,0,0,0,0,0,0,0,0,0,0,0,0,0,0,0,0,0,0,0,0,0,0,0,0,0,0,0,0,0,0,0,0,0,0,0,0,0,0,0,0,0,0,0,0
TSHZ2,0,0,0,0,0,0,0,0,0,0,0,0,0,0,0,0,0,0,0,0,0,0,0,0,0,0,0,0,0,0,0,0,0,0,0,0,0,0,0,0,0,0,0,0,0,0,0,0,0,0,0,0
RP11-203F10.6,0,0,0,0,0,0,0,0,0,0,0,0,0,0,0,0,0,0,0,0,-0.000530503978779844,0,0,0,0,0,0,0,0,0,0,0,0,0,0,0,0,0,0,0,0,0,0,0,0,0,0,0,0,0,-1.06100795755969e-05,7.50245951693176e-05
LL22NC03-24A12.9,0,0,0,0,0,0,0,0,0,0,0,0,0,0,0,0,0,0,0,0,0,0,0,0,0,0,0,0,0,0,0,0,0,0,0,0,0,0,0,0,0,0,0,0,0,0,0,0,0,0,0,0
PDE9A,0,0,0,0,0,0,0,0,0,0,0,0,0,0,0,0,0,-0.000530503978779844,0,0,0,0,0,0,0,0,0,0,0,0,0,0,0,0,0,0,0,0,0,0,0,0,0,0,0,0,0,0,0,0,-1.06100795755969e-05,7.50245951693176e-05
RP4-635A23.4,0,0,0,0,0,0,0,0,0,0,0,0,0,0,0,0,0,0,0,0,0,0,0,0,0,0,0,0,0,0,0,0,0,0,0,0,0,0,0,0,0,0,0,0,0,0,0,0,0,0,0,0
RYR1,0,0,0,0,0,0,0,0,0,0,0,0,0,0,0,0,0,0,0,0,0,0,0,0,0,0,0,0,0,0,0,0,0,0,0,0,0,0,0,0,0,0,0,0,0,0,0,0,0,0,0,0
EPHA1-AS1,0,0,0,0,0,0,0,0,0,0,0,0,0,0,0,0,0,0,0,0,0,0,0,0,0,0,0.000530503978779837,0,0,0,0,0,0,0,0,0,0,0,0,0,0,0,0,0,0,0,0,0,0,0,1.06100795755967e-05,7.50245951693176e-05
AGMAT,0,0,0,0,0,0,0,0,0,0,0,0,0,0,0,0,0,0,0,0,0,0,0,0,0,0,0,0,0,0,0,0,0,0,0,0,0,0,0,0,0,0,0,0,0,0,0,0,0,0,0,0
RPS10P7,0,0,0,0,0,0,0,0,0,0,0,0,0,0,0,0,0,0,0,0,0,0,0,0,0,0,0,0,0,0,0,0,0,0,0,0,0,0,0,0,0,0,0,0,0,0,0,0,0,0,0,0
RPS3AP7,0,0,0,0,0,0,0,0,0,0,0,0,0,0,0,0,0,0,0,0,0,0,0,0,0,0,0,0,0,0,0,0,0,0,0,0,0,0,0,0,0,0,0,0,0,0,0,0,0,0,0,0
LIPC,0,0,0,0,0,0,0,0,0,0,0,0,0,0,0,0,0,0,0,0,0,0,0,0,0,0,0,0,0,0,0,0,0,0,0,0,0,0,0,0,0,0,0,0,0,0,0,0,0,0,0,0
USP13,0,0,0,0,0,0,0,0,0,0,0,0,0,0,0,0,-0.000530503978779844,0,0,0,0,0,0,0,0,0,0,0,0,0,0,0,0,0,0,0,0,0,0,0,0,0,0,0,0,0,0,0,0,0,-1.06100795755969e-05,7.50245951693176e-05
PHLDA2,0,0,0,0,0,0,0,0,0,0,0,0,0,0,0,0,0,0,0,0,0,0,0,0,0,0,0,0,0,0,0,0,0,0,0,0,0,0,0,0,0,0,0,0,0,0,0,0,0,0,0,0
VIPR1,0,0,0,0,0,0,0,0,0,0,0,0,0,0,0,0,0,0,0,0,0,0,0,0,0,0,0.000530503978779837,0,0,0,0,0,0,0,0,0,0,0,0,0,0,0,0,0,0,0,0,0,0,0,1.06100795755967e-05,7.50245951693176e-05
RP11-480C16.1,0,0,0,0,0,0,0,0,0,0,0,0,0,0,0,0,0,0,0,0,0,0,0,0,0,0,0,0,0,0,0,0,0,0,0,0,0,0,0,0,0,0,0,0,0,0,0,0,0,0,0,0
RP4-681N20.5,0,0,0,0,0,0,0,0,0,0,0,0,0,0,0,0,0,0,0,0,0,0,0,0,0,0,0,0,0,0,0,0,0,0,0,0,0,0,0,0,0,0,0,0,0,0,0,0,0,0,0,0
TGFBR3L,0,0,0,0,0,0,0,0,-0.000530503978779844,0,0,0,0,0,0,0,0,0,0,0,0,0,0,0,0,0,0,0,0,0,0,0,0,0,0,0,0,0,0,0,0,0,0,0,0,0,0,0,0,0,-1.06100795755969e-05,7.50245951693176e-05
GOLGA8O,0,0,0,0,0,0,0,0,0,0,0,0,0,0,0,0,0,0,0,0,0,0,0,0,0,0,0,0,0,0,0,0,0,0,0,0,0,0,0,0,0,0,0,0,0,0,0,0,0,0,0,0
RPL7AP6,0,-0.000530503978779844,0,0,0,0,0,0,0,0,0,0,0,0,0,0,0,0,0,0,-0.000530503978779844,0,0,0,0,0,0,0,0,-0.000530503978779844,0,0,-0.000530503978779844,0,0,0,0,0,0,0,0,0,0,0,0,0,-0.000530503978779844,0,0,0,-5.30503978779844e-05,0.000160766989648538
RP11-556H2.1,0,0,0,0,0,0,0,0,0,0,0,0,0,0,0,0,0,0,0,0,0,0,0,0,0,0,0,0,0,0,0,0,0,0,0,0,0,0,0,0,0,0,0,0,0,0,0,0,0,0,0,0
CDK1,0,0,0,0,0,0,0,0,0,0,0,0,0,0,0,0,-0.000530503978779844,0,0,0,0,0,0,0,0,0,0,0,0,0,0,0,0,0,0,0,0,0,0,-0.000530503978779844,0,0,0,0,0,0,0,0,0,0,-2.12201591511937e-05,0.000105012557899259
AC073115.7,0,0,0,0,0,0,0,0,0,0,0,0,0,0,0,0,0,0,0,0,0,0,0,0,0,0,0,0,0,0,0,0,0,0,0,0,0,0,0,0,0,0,0,0,0,0,0,-0.000530503978779844,0,0,-1.06100795755969e-05,7.50245951693176e-05
LINC01473,0,0,0,0,0,0,0,0,0,0,0,0,0,0,0,0,0,0,0,0,0,0,0,0,0,0,0,0,0,0,0,0,0,0,0,0,0,0,0,0,0,0,0,0,0,0,0,0,0,0,0,0
TBC1D4,0,0,0,0,0,0,0,0,0,0,0,0,0,0,0,0,0,0,0,0,0,0,0,0,0,0,0,0,0,0,0,0,0,0,0,0,0,0,0,0,0,0,0,0,0,0,0,0,0,0,0,0
TAFA1,0,0,0,0,0,0,0,0,0,0,0,0,0,0,0,0,0,0,0,0,0,0,0,0,0,0,0,0,0,0,0,0,0,0,0,0,0,0,0,0,0,0,0,0,0,0,0,0,0,0,0,0
SYNM,0,0,0,0,0,0,0,0,0,0,0,0,0,0,0,0,0,0,0,0,0,0,0,0,0,0,0,0,0,0,0,0,0,0,0,0,0,0,0,0,0,0,0,0,0,0,0,0,0,0,0,0
ABCF2-H2BE1,0,0,0,0,0,0,0,0,0,0,0,0,0,0,0,0,0,0,0,0,0,0,0,0,0,0,0,0,0,0,0,0,0,0,0,0,0,0,0,0,0,0,0,0,0,0,0,0,0,0,0,0
C8orf88,0,0,0,0,0,0,0,0,0,0,0,0,0,0,0,-0.000530503978779844,0,0,0,0,0,0,0,0,0,0,0,0,0,0,0,0,0,0,0,0,0,0,0,0,0,0,0,0,0,0,0,0,0,0,-1.06100795755969e-05,7.50245951693176e-05
RHPN1,0,0,0,0,0,0,0,0,0,0,0,0,0,0,0,0,0,0,0,0,0,0,0,0,0,0,0,0,0,0,0,0,0,0,0,0,0,0,0,0,0,0,0,0,0,0,0,0,0,0,0,0
HLA-DQA2,0,0,0,0,0,0,0,0,0,0,0,0,0,0,0,0,0,0,0,0,0,0,0,0,0,0,0,0,0,0,0,0,0,0,0,0,0,0,0,0,0,0,0,0,0,0,0,0,0,0,0,0
HHAT,0,0,0,0,0,0,0,0,0,0,0,0,0,0,0,0,0,0,0,0,0,0,0,0,0,0,0,0,0,0,0,0,0,0,0,0,0,0,0,0,0,0,0,0,0,0,0,0,0,0,0,0
H3C8,0,0,0,0,0,0,0,0,0,0,0,0,0,0,0,0,-0.000530503978779844,0,0,0,0,0,0,0,0,0,0,0,0,0,0,0,0,0,0,0,0,0,0,-0.000530503978779844,0,0,0,0,0,0,0,0,0,0,-2.12201591511937e-05,0.000105012557899259
CD33,0,0,0,0,0,0,0,0,0,0,0,0,0,0,0,0,0,0,0,0,0,0,0,0,0,0,0,0,0,0,0,0,0,0,0,0,0,0,0,0,0,0,0,0,0,-0.000530503978779844,0,0,0,0,-1.06100795755969e-05,7.50245951693176e-05
LINC01505,0,0,0,0,0,0,0,0,0,0,0,0,0,0,0,0,0,0,0,0,0,0,0,0,0,0,0,0.000530503978779837,0,0,0,0,0,0,0,0,0,0,0,0,0,0,0,0,0,0.000530503978779837,0,0,0,0,2.12201591511935e-05,0.000105012557899259
RP11-932O9.9,0,0,0,0,0,0,0,0,0,0,0,0,0,0,0,0,0,0,0,0,0,0,0,0,0,0,0,0,0,0,0,0,0,0,0,0,0,0,0,0,0,0,0,0,0,0,0,0,0,0,0,0
PTTG1,-0.000530503978779844,-0.000530503978779844,-0.000530503978779844,-0.000530503978779844,-0.000530503978779844,-0.000530503978779844,-0.000530503978779844,-0.000530503978779844,-0.000530503978779844,-0.000530503978779844,-0.000530503978779844,0,-0.000530503978779844,-0.000530503978779844,-0.000530503978779844,-0.000530503978779844,-0.000530503978779844,-0.000530503978779844,-0.000530503978779844,-0.000530503978779844,-0.000530503978779844,-0.000530503978779844,-0.000530503978779844,-0.000530503978779844,-0.000530503978779844,-0.000530503978779844,-0.000530503978779844,-0.000530503978779844,-0.000530503978779844,-0.000530503978779844,-0.000530503978779844,-0.000530503978779844,-0.000530503978779844,-0.000530503978779844,-0.000530503978779844,-0.000530503978779844,-0.000530503978779844,-0.000530503978779844,-0.000530503978779844,-0.000530503978779844,-0.000530503978779844,-0.000530503978779844,-0.000530503978779844,-0.000530503978779844,-0.000530503978779844,-0.000530503978779844,-0.000530503978779844,-0.000530503978779844,-0.000530503978779844,-0.000530503978779844,-0.000519893899204247,7.50245951693176e-05
RPL13AP3,0,0,0,0,0,0,0,0,0,0,0,0,0,0,0,0,0,0,0,0,0,0,0,0,0,0,0,0,0,0,0,0,0,0,0,0,0,0,0,0,0,0,0,0,0,0,0,-0.000530503978779844,0,0,-1.06100795755969e-05,7.50245951693176e-05
PTPRB,0,0,0.000530503978779837,0,0,0,0,0,0,0,0,0,0,0,0,0,0,0,0,0,0,0,0,0,0,0,0,0,0,0,0,0,0,0,0,0,0,0,0,0.000530503978779837,0,0,0,0,0,0,0,0,0,0,2.12201591511935e-05,0.000105012557899259
TRAV14DV4,0,0,0,0,0,0,0,0,0,0,0,0,0,0,0,0,0,0,0,0,0,0,0,0,0,0,0,0,0,0,0,0,0,0,0,0,0,0,0,0,0,0,0,0,0,0,0,0,0,0,0,0
TRAV13-2,0,0,0,0,0,0,0,0,0,0,0,0,0,0,0,0,0,0,0,0,0,0,0,0,0,0,0,0,0,0,0,0,0,0,0,0,0,0,0,0,0,0,0,0,0,0,0,0,0,0,0,0
ADAMTS6,0,0,0,0,0,0,0,0,0,0,0,0,0,0,0,0,0,0,0,0,0,0,0,0,0,0,0,0,0,0,0,0,0,0,0,0,0,0,0,0,0,0,0,0,0,0,0,0,0,0,0,0
RP11-705C15.5,0,0.000530503978779837,0,0,0,0,0,0,0,-0.000530503978779844,0,0,0,0.000530503978779837,0,0,0.000530503978779837,0,0,0,0,0,0,0,0,0,0,0,0,0,0,0,0,0,0,0.000530503978779837,0,0,0,0,0,0,0,0,0,0,0,0,0,0,3.18302387267901e-05,0.000166384988846382
CENPM,0,0,0,0,0,0,0,0,0,0,0,0,-0.000530503978779844,0,0,0,0,0,0,0,0,0,0,0,0,0,0,0,0,0,0,0,0,0,0,0,0,0,0,0,0,0,0,0,0,0,0,0,0,0,-1.06100795755969e-05,7.50245951693176e-05
ARHGEF5,0,0,0,0,0,0,0,0,-0.000530503978779844,0,0,0,0,0,0,0,0,0,0,0,0,0,0,0,0,0,0,0,0,0,0,0,0,0,0,0,0,0,0,0,0,0,0,0,0,0,0,0,0,0,-1.06100795755969e-05,7.50245951693176e-05
CLCF1,0,0,0,0,0,0,0,0,0,0,0,0,0,0,0,0,0,0,0,0,0.000530503978779837,0,0,0,0,0,0,0,0,0,0,0,0,0,0,0,0,0,0,0,0,0,0,0,0,0,0,0,0,0,1.06100795755967e-05,7.50245951693176e-05
TNFRSF17,0,0,0,0,0,0,0,0,0,0,0,0,0,0,0,0,0,0,0,0,0,0,0,0,0,0,0,0,0,0,0,0,0,0,0,0,0,0,0,0,0,0,0,0,0,0,0,0,0,0,0,0
COILP1,0,0,0,0,0,0,0,0,0,0,0,0,0,0,0,0,0,0,0,0,0,0,0,0,0,0,0,0,0,0,0,0,0,0,0,0,0,0,0,0,0,0,0,0,0,0,0,0,0,0,0,0
CFH,0,0,0,0,0,0,0,0,0,0,0,0,0,0,0,0,0,0,0,0,0,0,0,0,0,0,0,0,0,0,0,0,0,0,0,0,0,0,0,0,0,0,0,0,0,0,0,0,0,0,0,0
SIRPG,-0.000530503978779844,-0.000530503978779844,-0.000530503978779844,-0.000530503978779844,-0.000530503978779844,-0.000530503978779844,-0.000530503978779844,-0.000530503978779844,-0.000530503978779844,-0.000530503978779844,-0.000530503978779844,-0.000530503978779844,-0.000530503978779844,0,-0.000530503978779844,-0.000530503978779844,-0.000530503978779844,-0.000530503978779844,-0.000530503978779844,-0.000530503978779844,-0.000530503978779844,-0.000530503978779844,-0.000530503978779844,-0.000530503978779844,-0.000530503978779844,-0.000530503978779844,-0.000530503978779844,-0.000530503978779844,-0.000530503978779844,-0.000530503978779844,-0.000530503978779844,-0.000530503978779844,-0.000530503978779844,-0.000530503978779844,-0.000530503978779844,-0.000530503978779844,-0.000530503978779844,-0.000530503978779844,-0.000530503978779844,-0.000530503978779844,-0.000530503978779844,0,0,-0.000530503978779844,-0.000530503978779844,-0.000530503978779844,-0.000530503978779844,0,-0.000530503978779844,-0.000530503978779844,-0.000488063660477456,0.000145383303225342
TRBV28,0,0,0,0,0,0,0,0,0,0,0,0,0,0,0,0,0,0,0,0,0,0,0,0,0,0,0,0,0,0,0,0,0,0,0,0,0,0,0,0,0,0,0,0,0,0,0,0,0,0,0,0
CEP55,0,0,0,0,0,0,0,0,0,0,0,0,0,0,0,0,0,0,0,0,0,0,0,0,0,0,0,0,0,0,0,0,0,0,0,0,0,0,0,0,0,0,0,0,0,0,0,0,0,0,0,0
HNRNPLL,0,0,0,0,0.000530503978779837,0,0,0,0,0,0,0,0,0,0,0,0,0,0,0,0,0,0,0,0,0,0,0,0,0,0,0,0,0,0,0,0,0,0,0,0,0,0,0,0,0,0,0,0,0,1.06100795755967e-05,7.50245951693176e-05
FXYD1,0,0,0,0,0,0,0,0,0,0,0,0,0,0,0,0,0,0,0,0,0,0,0,0,0,0,0,0,0,0,0,0,0,0,0,0,0,0,0,0,0,0,0,0,0,0,0,0,0,0,0,0
PRDM8,0,0,0,0,0,0,0,0,0,0,0,0,0,0,0,0,0,0,0,0,0,0,-0.000530503978779844,0,0,0,0,0,0,0,0,0,0,0,-0.000530503978779844,0,0,0,0,0,0,0,0,0,0,0,0,0,0,0.000530503978779837,-1.0610079575597e-05,0.000130827413354597
MCC,0,0,0,0,0,0,0,0,0,0,0,0,0,0,0,0,0,0,0,0,0,0,0,0,0,0,0,0,0,0,0,0,0,0,0,0,0,0,0,0,0,0,0,0,0,0,0,0,0,0,0,0
TLR2,0,0,0,0,0,0,0,0,0,0,0,0,0,0,0,0,0,0,0,0,0,0,0,0,0,0,0,0,0,0,0,0,0,0,0,0,0,0,0,0,0,0,0,0,-0.000530503978779844,0,0,0,0,0,-1.06100795755969e-05,7.50245951693176e-05
CORO2A,0,0,0,0,0,0,0,0,0,0,0,0,0,0,0,0,0,0,0,0,0,0,0,0,0,0,0,0,0,0,0,0,0,0,0,0,0,0,0,0,0,0,-0.000530503978779844,0,-0.000530503978779844,0,0,0,0,0,-2.12201591511937e-05,0.000105012557899259
CCDC141,0,0,0,0,0,-0.000530503978779844,0,0,0,0,0,0,0,0,0,0,0,0,0,0,0,0,0,0,0,0,0,0,0,0,0,0,0,0,0,0,0,0,0,0,0,0,0,0,0,0,0,0,0,0,-1.06100795755969e-05,7.50245951693176e-05
CTD-2287O16.1,0,0,0,0,0.000530503978779837,0,0,0,-0.000530503978779844,0,0,0,0,0,0,0,0,0,0,0,0.000530503978779837,0,0,0,0,0,0,0.000530503978779837,0,0.000530503978779837,0,0.000530503978779837,0,0,0,0,0,0,0,0,0,0,0,0,0,0.000530503978779837,0,0,0,0,5.30503978779835e-05,0.00019321787485993
SPINT2,0,0,0,0,0,0,0,0,0,0,0,0,0,0,0,0,0,0,0,0,-0.000530503978779844,0,0,0,0,0,0,0,0,-0.000530503978779844,0,0,0,0,0,0,0,0,0,0,0,-0.000530503978779844,0,0,0,0,0,0,0,-0.000530503978779844,-4.24403183023875e-05,0.000145383303225342
CD70,0,0,0,0,0,0,0,0,0,0,0,0,0,0,0,0,0,0,0,0,0,0,0,0,0,0,0,0,0,0,0,0,0,0,0,0,0,0,0,0,0,0,0,0,0,0,0,0,0,0,0,0
MCOLN2,0,0,0,-0.000530503978779844,0,0,0,0,0,0,0,0,0,0.000530503978779837,0,0,0,0,0,0,0,0,0,0,0,0,0,0,0,0,0,0,0.000530503978779837,0,0,0,0,0,0,0,0,0,0,0,0,0,0,0,0,0,1.06100795755966e-05,0.000130827413354597
CD28,0,0,0,0,0,0,-0.000530503978779844,0,0,0,0,0,0,0,0,0,-0.000530503978779844,0,0,0,0,0,0,0,0,-0.000530503978779844,0,0,0,0,0,0,0,0,0,0,0,0,0,-0.000530503978779844,0,0,0,0,0,0,0,-0.000530503978779844,0,0,-5.30503978779844e-05,0.000160766989648538
GNAO1,0,0,0,0,0,0,0,0,0,0,0,0,0,0,0,0,0,0,0,0,-0.000530503978779844,0,0,0,0,0,0,0,0,0,0,0,0,0,0,0,0,0,0,0,0,0,0,0,0,-0.000530503978779844,0,0,0,0,-2.12201591511937e-05,0.000105012557899259
